nces_lea_id,district_name,state,county_primary,operating_schools_count,regular_schools_count,enrollment_total,enrollment_pk,enrollment_k12,enrollment_kg,enrollment_elem,enrollment_middle,enrollment_high,enrollment_ungraded,teachers_prek_fte,teachers_kindergarten_fte,teachers_elementary_fte,teachers_secondary_fte,teachers_ungraded_fte,teachers_total_reported_fte,teachers_k12_fte,teachers_sum_diff_reported,paraprofessionals_fte,instructional_coordinators_fte,counselors_fte,psychologists_fte,student_support_staff_fte,librarians_fte,school_administrators_fte,school_admin_support_fte,lea_administrators_fte,lea_admin_support_fte,other_support_staff_fte,total_staff_fte,idea_students,sped_teacher_fte,sped_paraprofessional_fte,english_learner_students,title3_teacher_count,idea_students_per_sped_teacher_fte,students_per_teacher_fte_k12,students_per_teacher_para_fte_k12,teachers_k12_per_1000,paraprofessionals_per_1000,counselors_per_1000,psychologists_per_1000,student_support_per_1000,coordinators_per_1000,school_administrators_per_1000,school_year
2000018,School for Blind,KS,Wyandotte County,2,0,38,0,38,0,11,6,21,0,7.58,5.9,11.73,6.12,0.0,31.33,23.75,0.0,0.0,0.0,0.0,0.0,0.0,0.0,0.17,0.0,2.0,0.0,0.0,33.5,,,,,,,1.6,1.6,625.0,0.0,0.0,0.0,0.0,0.0,4.47,2024-2025
2000019,School for Deaf,KS,Johnson County,2,0,118,11,107,6,36,21,44,0,2.0,1.83,12.0,9.21,0.0,25.04,23.04,0.0,0.0,1.0,0.0,0.0,0.0,0.75,1.2,0.0,1.0,0.0,0.0,29.0,,,,,,,4.64,4.64,215.33,0.0,0.0,0.0,0.0,9.35,11.21,2024-2025
2003780,Basehor-Linwood,KS,Leavenworth County,7,7,3096,154,2942,200,1030,708,993,11,8.24,25.61,126.01,67.92,0.0,227.78,219.54,0.0,38.3,11.53,7.65,5.0,22.9,1.0,9.43,10.4,2.0,6.3,39.9,385.9,,,,,,,13.4,11.41,74.62,13.02,2.6,1.7,7.78,3.92,3.21,2024-2025
2004050,Bonner Springs,KS,Wyandotte County,5,5,2535,147,2388,144,867,599,778,0,6.5,23.5,111.02,61.55,0.0,202.57,196.07,0.0,59.0,3.64,6.0,1.0,18.0,2.0,9.83,10.0,3.0,8.0,49.0,375.05,,,,,,,12.18,9.36,82.11,24.71,2.51,0.42,7.54,1.52,4.12,2024-2025
2005490,De Soto,KS,Johnson County,13,13,7295,228,7067,418,2549,1724,2376,0,14.5,69.87,301.7,167.93,0.0,554.0,539.5,0.0,121.0,4.7,14.5,7.8,69.0,0.0,21.0,24.3,3.0,13.0,99.9,932.2,,,,,,,13.1,10.7,76.34,17.12,2.05,1.1,9.76,0.67,2.97,2024-2025
2005640,Easton,KS,Leavenworth County,3,3,687,41,646,44,259,173,169,1,2.47,4.87,32.13,16.9,0.0,56.37,53.9,0.0,3.0,1.0,1.0,0.78,4.4,0.0,3.12,6.0,1.0,2.0,13.0,94.66,,,,,,,11.99,11.35,83.44,4.64,1.55,1.21,6.81,1.55,4.83,2024-2025
2006330,Fort Leavenworth,KS,Leavenworth County,4,4,1542,176,1366,163,814,351,38,0,10.42,23.67,93.0,8.92,0.0,136.01,125.59,0.0,32.0,10.0,4.0,2.0,26.0,3.0,4.0,4.0,2.0,5.0,37.0,265.0,,,,,,,10.88,8.67,91.94,23.43,2.93,1.46,19.03,7.32,2.93,2024-2025
2006420,Gardner Edgerton,KS,Johnson County,11,11,5858,277,5581,361,2095,1330,1795,0,20.53,57.75,268.4,118.78,0.0,465.46,444.93,-0.0,141.0,4.03,16.5,7.0,41.2,7.67,18.0,16.6,2.0,14.1,100.3,834.57,,,,,,,12.54,9.53,79.72,25.26,2.96,1.25,7.38,0.72,3.23,2024-2025
2007950,Kansas City,KS,Wyandotte County,43,43,21538,1328,20210,1606,7897,4489,6138,80,46.58,201.25,787.53,364.2,0.0,1399.56,1352.98,0.0,268.8,120.96,69.0,2.0,343.3,10.0,76.0,91.0,3.0,95.0,780.5,3285.93,,,,,,,14.94,12.46,66.95,13.3,3.41,0.1,16.99,5.99,3.76,2024-2025
2008340,Lansing,KS,Leavenworth County,5,5,2626,87,2539,162,892,589,888,8,6.03,14.85,98.49,56.47,0.0,175.84,169.81,0.0,87.0,11.5,8.67,1.0,26.0,1.0,6.0,6.0,2.0,5.0,50.7,383.2,,,,,,,14.95,9.89,66.88,34.27,3.41,0.39,10.24,4.53,2.36,2024-2025
2008430,Leavenworth,KS,Leavenworth County,8,8,3269,96,3173,189,1116,631,1237,0,7.0,17.75,125.75,77.17,0.0,227.67,220.67,0.0,107.0,12.5,11.0,5.0,44.0,0.33,7.0,18.0,2.0,11.0,84.0,531.5,,,,,,,14.38,9.68,69.55,33.72,3.47,1.58,13.87,3.94,2.21,2024-2025
2008970,Louisburg,KS,Miami County,5,5,1745,104,1641,93,610,382,556,0,2.85,8.8,63.35,37.12,0.0,112.12,109.27,0.0,17.5,0.0,1.33,2.0,5.2,2.35,4.5,8.0,1.0,3.8,59.0,217.8,,,,,,,15.02,12.94,66.59,10.66,0.81,1.22,3.17,0.0,2.74,2024-2025
2010140,Olathe,KS,Johnson County,52,52,28195,696,27499,1868,10053,6266,9193,119,48.33,260.0,1201.57,679.42,0.0,2189.32,2140.99,0.0,655.5,61.95,82.43,36.0,262.5,48.5,65.3,103.0,4.9,22.0,552.9,4116.7,,,,,,,12.84,9.83,77.86,23.84,3.0,1.31,9.55,2.25,2.37,2024-2025
2010260,Osawatomie,KS,Miami County,5,5,1021,103,918,69,341,195,311,2,6.83,6.33,44.58,27.5,0.0,85.24,78.41,0.0,13.0,3.0,3.0,1.5,8.0,1.0,4.0,7.0,2.0,4.0,44.0,177.75,,,,,,,11.71,10.04,85.41,14.16,3.27,1.63,8.71,3.27,4.36,2024-2025
2010500,Paola,KS,Miami County,4,4,1785,34,1751,111,610,429,601,0,2.75,9.94,78.06,40.75,0.0,131.5,128.75,0.0,256.0,2.0,2.0,0.0,45.0,0.0,4.0,15.0,2.0,6.0,30.0,495.5,,,,,,,13.6,4.55,73.53,146.2,1.14,0.0,25.7,1.14,2.28,2024-2025
2010680,Piper-Kansas City,KS,Wyandotte County,4,4,2840,129,2711,170,944,681,916,0,11.5,13.66,109.58,63.49,0.0,198.23,186.73,0.0,27.4,10.0,9.0,4.0,19.2,3.2,7.0,10.0,1.0,5.0,19.4,315.12,,,,,,,14.52,12.66,68.88,10.11,3.32,1.48,7.08,3.69,2.58,2024-2025
2011640,Shawnee Mission Pub Sch,KS,Johnson County,45,45,26513,739,25774,1867,9960,5881,8038,28,67.98,218.1,1015.35,558.56,0.0,1859.99,1792.01,0.0,562.7,116.04,33.67,25.0,221.5,16.71,70.8,83.0,8.0,50.5,489.3,3537.2,,,,,,,14.38,10.95,69.53,21.83,1.31,0.97,8.59,4.5,2.75,2024-2025
2011850,Spring Hill,KS,Johnson County,11,11,5860,149,5711,374,2020,1375,1884,58,9.42,45.43,206.03,103.46,0.0,364.34,354.92,-0.0,59.4,13.67,12.5,6.0,28.3,8.5,17.0,25.2,2.0,11.1,62.0,612.1,,,,,,,16.09,13.78,62.15,10.4,2.19,1.05,4.96,2.39,2.98,2024-2025
2012000,Blue Valley,KS,Johnson County,37,37,22252,456,21796,1417,8088,5130,7161,0,32.2,289.66,834.3,516.31,0.0,1672.47,1640.27,0.0,361.9,47.5,63.5,24.6,208.5,40.2,46.33,85.0,2.0,64.6,311.4,2932.7,,,,,,,13.29,10.89,75.26,16.6,2.91,1.13,9.57,2.18,2.13,2024-2025
2012210,Tonganoxie,KS,Leavenworth County,3,3,1988,73,1915,133,713,434,635,0,4.96,13.9,79.16,48.85,0.0,146.87,141.91,0.0,43.7,14.53,4.5,4.0,12.5,0.0,2.0,9.0,1.5,3.8,48.3,293.7,,,,,,,13.49,10.32,74.1,22.82,2.35,2.09,6.53,7.59,1.04,2024-2025
2012360,Turner-Kansas City,KS,Wyandotte County,8,8,3926,218,3708,264,1338,885,1158,63,9.0,28.88,151.96,80.63,0.0,270.47,261.47,0.0,44.9,6.33,9.2,2.0,46.7,4.0,10.0,15.9,5.0,11.0,84.0,510.4,,,,,,,14.18,12.1,70.52,12.11,2.48,0.54,12.59,1.71,2.7,2024-2025
2900009,DIVISION OF YOUTH SERVICE,MO,Clay County,5,4,496,0,496,0,0,56,440,0,0.0,0.0,0.0,74.0,0.0,74.0,74.0,0.0,0.0,5.0,0.0,0.0,1.0,0.0,0.0,0.0,0.0,0.0,0.0,80.0,,,,,,,6.7,6.7,149.19,0.0,0.0,0.0,2.02,10.08,0.0,2024-2025
2900013,KC INTERNATIONAL ACADEMY,MO,Jackson County,1,1,662,28,634,61,354,219,0,0,0.0,7.58,73.12,0.0,0.0,80.7,80.7,0.0,4.0,4.0,3.0,0.0,14.75,0.0,3.0,0.0,1.0,0.0,0.0,110.45,,,,,,,7.86,7.49,127.29,6.31,4.73,0.0,23.26,6.31,4.73,2024-2025
2900014,HOGAN PREPARATORY ACADEMY,MO,Jackson County,3,3,843,33,810,39,260,193,318,0,0.0,3.0,33.0,55.5,0.0,91.5,91.5,0.0,0.0,0.0,3.0,0.0,4.0,0.0,5.5,1.0,0.0,7.0,0.0,112.0,,,,,,,8.85,8.85,112.96,0.0,3.7,0.0,4.94,0.0,6.79,2024-2025
2900015,GORDON PARKS ELEM.,MO,Jackson County,1,1,131,14,117,30,87,0,0,0,0.0,2.74,10.26,0.0,0.0,13.0,13.0,0.0,7.0,2.0,0.75,0.0,0.0,0.0,1.0,0.0,0.0,2.0,0.0,25.75,,,,,,,9.0,5.85,111.11,59.83,6.41,0.0,0.0,17.09,8.55,2024-2025
2900016,GENESIS SCHOOL INC.,MO,Jackson County,1,1,180,8,172,13,83,76,0,0,1.0,1.11,0.0,16.89,0.0,19.0,18.0,0.0,8.0,1.5,0.0,0.0,7.0,0.0,2.0,0.0,0.0,4.0,1.0,42.5,,,,,,,9.56,6.62,104.65,46.51,0.0,0.0,40.7,8.72,11.63,2024-2025
2900017,ACADEMIE LAFAYETTE,MO,Jackson County,4,4,1425,12,1413,180,820,295,118,0,0.0,11.79,59.61,46.4,0.0,117.8,117.8,0.0,2.75,0.0,1.0,0.0,9.0,2.0,6.0,0.0,1.0,20.0,16.25,175.8,,,,,,,11.99,11.72,83.37,1.95,0.71,0.0,6.37,0.0,4.25,2024-2025
2900019,SCUOLA VITA NUOVA,MO,Jackson County,1,1,363,0,363,40,215,108,0,0,0.0,2.32,21.68,0.0,0.0,24.0,24.0,0.0,13.6,0.0,0.0,0.0,0.0,0.0,2.0,0.0,1.0,0.0,0.0,40.6,,,,,,,15.12,9.65,66.12,37.47,0.0,0.0,0.0,0.0,5.51,2024-2025
2900022,MO SCHLS FOR THE SEV DISABLED,MO,Jackson County,5,0,652,0,652,2,190,145,315,0,0.0,0.0,128.0,0.0,0.0,128.0,128.0,0.0,1.0,0.0,0.0,0.0,0.0,0.0,0.0,0.0,0.0,0.0,0.0,129.0,,,,,,,5.09,5.05,196.32,1.53,0.0,0.0,0.0,0.0,0.0,2024-2025
2900024,BROOKSIDE CHARTER SCH.,MO,Jackson County,2,2,800,39,761,86,450,225,0,0,2.5,7.43,46.47,25.6,0.0,82.0,79.5,0.0,10.0,4.1,5.0,0.0,14.2,1.0,6.0,0.0,1.9,5.0,17.0,146.2,,,,,,,9.57,8.5,104.47,13.14,6.57,0.0,18.66,5.39,7.88,2024-2025
2900025,ALLEN VILLAGE,MO,Jackson County,5,5,384,9,375,20,133,92,130,0,0.0,1.15,11.05,17.28,0.0,29.48,29.48,0.0,6.4,1.97,1.8,0.0,2.0,0.0,1.0,0.0,1.15,0.0,0.0,43.8,,,,,,,12.72,10.45,78.61,17.07,4.8,0.0,5.33,5.25,2.67,2024-2025
2900027,UNIVERSITY ACADEMY,MO,Jackson County,3,3,1111,30,1081,108,471,265,237,0,2.0,6.86,30.34,39.3,0.0,78.5,76.5,0.0,8.0,0.0,2.75,0.0,6.8,2.0,5.75,0.0,1.2,0.0,0.0,105.0,,,,,,,14.13,12.79,70.77,7.4,2.54,0.0,6.29,0.0,5.32,2024-2025
2900028,LEE A. TOLBERT COM. ACADEMY,MO,Jackson County,1,1,401,19,382,37,227,118,0,0,0.0,2.72,30.18,0.0,0.0,32.9,32.9,0.0,9.0,1.0,0.0,0.0,4.0,0.0,1.9,0.0,1.0,7.0,6.0,62.8,,,,,,,11.61,9.12,86.13,23.56,0.0,0.0,10.47,2.62,4.97,2024-2025
2900029,GUADALUPE CENTERS SCHOOLS,MO,Jackson County,3,3,1614,77,1537,121,603,355,458,0,4.0,8.0,62.0,74.0,0.0,148.0,144.0,0.0,28.0,6.0,3.0,0.0,10.0,1.0,7.0,0.0,4.0,0.0,0.0,207.0,,,,,,,10.67,8.94,93.69,18.22,1.95,0.0,6.51,3.9,4.55,2024-2025
2900031,KIPP: ENDEAVOR ACADEMY,MO,Jackson County,2,2,1047,70,977,57,324,214,382,0,4.9,5.12,0.0,89.58,0.0,99.6,94.7,-0.0,13.0,5.9,9.1,0.0,16.5,1.2,14.4,0.0,2.0,2.0,11.0,174.7,,,,,,,10.32,9.07,96.93,13.31,9.31,0.0,16.89,6.04,14.74,2024-2025
2900590,FRONTIER SCHOOLS,MO,Jackson County,5,5,1587,50,1537,103,492,381,561,0,3.0,6.85,47.38,108.27,0.0,165.5,162.5,0.0,22.0,3.8,1.0,0.0,1.0,1.7,13.0,0.0,2.0,0.0,0.0,210.0,,,,,,,9.46,8.33,105.73,14.31,0.65,0.0,0.65,2.47,8.46,2024-2025
2900593,DELASALLE CHARTER SCHOOL,MO,Jackson County,2,2,220,0,220,0,0,1,219,0,0.0,0.0,0.0,13.0,0.0,13.0,13.0,0.0,1.0,3.0,2.0,0.0,0.0,0.0,3.0,0.0,3.0,8.0,3.0,36.0,,,,,,,16.92,15.71,59.09,4.55,9.09,0.0,0.0,13.64,13.64,2024-2025
2900597,EWING MARION KAUFFMAN SCHOOL,MO,Jackson County,2,2,961,0,961,0,119,440,402,0,0.0,0.0,0.0,97.0,0.0,97.0,97.0,0.0,0.0,9.0,0.0,0.0,4.0,0.0,4.0,0.0,1.0,0.0,0.0,115.0,,,,,,,9.91,9.91,100.94,0.0,0.0,0.0,4.16,9.37,4.16,2024-2025
2900601,HOPE LEADERSHIP ACADEMY,MO,Jackson County,1,1,108,0,108,20,88,0,0,0,0.0,1.14,12.21,0.0,0.0,13.35,13.35,0.0,0.65,2.0,0.0,0.0,2.5,0.0,1.0,0.0,0.0,2.0,1.0,22.5,,,,,,,8.09,7.71,123.61,6.02,0.0,0.0,23.15,18.52,9.26,2024-2025
2900603,CROSSROADS CHARTER SCHOOLS,MO,Jackson County,3,3,1003,16,987,73,439,198,277,0,0.0,6.05,47.95,38.5,0.0,92.5,92.5,0.0,6.0,2.0,2.5,0.0,15.0,0.0,9.0,0.0,1.0,15.0,0.0,143.0,,,,,,,10.67,10.02,93.72,6.08,2.53,0.0,15.2,2.03,9.12,2024-2025
2900604,ACADEMY FOR INTEGRATED ARTS,MO,Jackson County,1,1,244,18,226,38,171,17,0,0,1.0,3.0,22.0,0.0,0.0,26.0,25.0,0.0,4.0,1.0,0.0,0.0,3.0,0.0,3.0,0.0,1.0,0.0,0.0,38.0,,,,,,,9.04,7.79,110.62,17.7,0.0,0.0,13.27,4.42,13.27,2024-2025
2900612,CITIZENS OF THE WORLD CHARTER,MO,Jackson County,2,2,388,22,366,51,221,94,0,0,0.0,3.94,15.68,10.39,0.0,30.01,30.01,0.0,6.0,1.0,2.0,0.0,3.0,0.0,2.0,0.0,1.0,8.0,5.0,58.01,,,,,,,12.2,10.16,81.99,16.39,5.46,0.0,8.2,2.73,5.46,2024-2025
2900615,KANSAS CITY GIRLS PREP ACADEMY,MO,Jackson County,1,1,111,0,111,0,8,103,0,0,0.0,0.0,0.0,24.99,0.0,24.99,24.99,0.0,1.0,3.0,1.0,0.0,4.16,0.0,3.0,0.0,1.0,0.0,0.0,38.15,,,,,,,4.44,4.27,225.14,9.01,9.01,0.0,37.48,27.03,27.03,2024-2025
2903200,ARCHIE R-V,MO,Cass County,2,2,569,53,516,39,199,115,163,0,2.38,2.2,15.12,25.42,0.0,45.12,42.74,-0.0,13.47,1.68,1.0,0.0,1.49,0.88,3.0,0.0,1.0,4.5,6.5,78.64,,,,,,,12.07,9.18,82.83,26.1,1.94,0.0,2.89,3.26,5.81,2024-2025
2904620,BELTON 124,MO,Cass County,8,8,4230,228,4002,274,1548,922,1258,0,15.63,16.47,133.68,140.25,0.0,306.03,290.4,0.0,84.41,9.45,12.0,0.0,23.39,7.0,17.0,0.0,5.0,42.0,63.0,569.28,,,,,,,13.78,10.68,72.56,21.09,3.0,0.0,5.84,2.36,4.25,2024-2025
2905310,BLUE SPRINGS R-IV,MO,Jackson County,21,20,14657,210,14447,946,5403,3370,4728,0,21.5,61.45,391.78,526.81,0.0,1001.54,980.04,0.0,138.0,18.1,54.0,2.0,85.39,13.0,61.0,0.0,9.0,158.0,864.0,2404.03,,,,,,,14.74,12.92,67.84,9.55,3.74,0.14,5.91,1.25,4.22,2024-2025
2908250,CENTER 58,MO,Jackson County,8,7,2339,120,2219,177,870,493,679,0,11.3,9.0,82.61,107.19,0.0,210.1,198.8,-0.0,52.0,9.0,10.0,3.0,31.16,1.0,13.0,0.0,3.34,35.0,47.0,414.6,,,,,,,11.16,8.85,89.59,23.43,4.51,1.35,14.04,4.06,5.86,2024-2025
2910320,SHERWOOD CASS R-VIII,MO,Cass County,3,3,733,38,695,50,248,176,221,0,1.0,3.93,24.07,33.14,0.0,62.14,61.14,0.0,18.71,2.95,3.0,0.0,4.55,0.86,3.0,0.0,1.0,6.0,17.0,119.21,,,,,,,11.37,8.7,87.97,26.92,4.32,0.0,6.55,4.24,4.32,2024-2025
2911070,DREXEL R-IV,MO,Cass County,2,2,259,0,259,17,108,67,67,0,0.0,1.5,11.47,14.93,0.0,27.9,27.9,0.0,6.0,0.0,0.0,0.0,1.2,0.0,2.0,0.0,0.9,3.0,3.0,44.0,,,,,,,9.28,7.64,107.72,23.17,0.0,0.0,4.63,0.0,7.72,2024-2025
2911160,EAST LYNNE 40,MO,Cass County,1,1,155,11,144,12,85,47,0,0,1.0,1.44,13.36,0.0,0.0,15.8,14.8,0.0,5.0,0.0,0.5,0.0,0.0,0.2,0.0,0.0,1.0,2.0,8.0,32.5,,,,,,,9.73,7.27,102.78,34.72,3.47,0.0,0.0,0.0,0.0,2024-2025
2911650,EXCELSIOR SPRINGS 40,MO,Clay County,8,6,2661,151,2510,183,876,540,911,0,8.0,10.55,72.2,102.62,0.0,193.37,185.37,0.0,42.0,8.0,7.0,0.0,14.45,3.5,12.05,0.0,4.75,0.0,1.51,287.63,,,,,,,13.54,11.04,73.85,16.73,2.79,0.0,5.76,3.19,4.8,2024-2025
2912290,FORT OSAGE R-I,MO,Jackson County,11,9,4718,133,4585,311,1710,1019,1545,0,10.29,20.98,158.78,166.72,0.0,356.77,346.48,-0.0,87.8,3.1,16.0,0.0,32.95,11.0,15.9,0.0,7.25,70.0,194.88,795.65,,,,,,,13.23,10.56,75.57,19.15,3.49,0.0,7.19,0.68,3.47,2024-2025
2913080,GRAIN VALLEY R-V,MO,Jackson County,8,8,4546,83,4463,298,1640,1043,1482,0,10.0,17.67,156.54,172.12,0.0,356.33,346.33,0.0,79.5,10.6,12.0,2.0,26.57,6.88,19.33,0.0,3.0,36.0,165.75,717.96,,,,,,,12.89,10.48,77.6,17.81,2.69,0.45,5.95,2.38,4.33,2024-2025
2913140,GRANDVIEW C-4,MO,Jackson County,9,8,3665,132,3533,237,1306,787,1203,0,8.0,16.46,120.54,114.54,0.0,259.54,251.54,0.0,44.44,12.0,11.0,4.0,18.75,4.25,13.95,0.0,4.0,43.0,60.5,475.43,,,,,,,14.05,11.94,71.2,12.58,3.11,1.13,5.31,3.4,3.95,2024-2025
2913680,HARDIN-CENTRAL C-2,MO,Ray County,2,2,205,10,195,15,68,45,67,0,1.04,1.13,9.4,12.58,0.0,24.15,23.11,0.0,2.9,0.0,1.0,0.0,2.06,0.0,1.9,0.0,1.0,0.0,0.0,33.01,,,,,,,8.44,7.5,118.51,14.87,5.13,0.0,10.56,0.0,9.74,2024-2025
2913760,HARRISONVILLE R-IX,MO,Cass County,7,5,2187,96,2091,147,698,503,743,0,4.0,7.0,54.64,99.51,0.0,165.15,161.15,0.0,24.0,6.75,9.0,0.0,18.5,4.0,7.3,0.0,5.0,25.0,13.56,278.26,,,,,,,12.98,11.29,77.07,11.48,4.3,0.0,8.85,3.23,3.49,2024-2025
2914340,HICKMAN MILLS C-1,MO,Jackson County,12,11,5067,366,4701,434,1959,1009,1299,0,30.4,23.79,151.06,194.34,0.0,399.59,369.19,0.0,54.0,17.0,15.01,4.37,56.4,10.0,21.0,0.0,4.0,76.0,111.1,768.47,,,,,,,12.73,11.11,78.53,11.49,3.19,0.93,12.0,3.62,4.47,2024-2025
2915480,INDEPENDENCE 30,MO,Jackson County,31,30,14272,709,13563,974,5278,3107,4204,0,32.0,65.09,389.84,483.52,0.0,970.45,938.45,0.0,142.58,22.0,38.42,6.0,139.62,25.9,59.0,0.0,10.0,0.0,15.0,1428.97,,,,,,,14.45,12.55,69.19,10.51,2.83,0.44,10.29,1.62,4.35,2024-2025
2916400,KANSAS CITY 33,MO,Jackson County,33,32,15079,1104,13975,1142,5652,2843,4338,0,42.01,80.73,545.43,455.11,0.0,1123.28,1081.27,0.0,130.4,35.56,37.5,23.0,87.31,16.3,57.3,0.0,5.5,0.0,0.0,1516.15,,,,,,,12.92,11.53,77.37,9.33,2.68,1.65,6.25,2.54,4.1,2024-2025
2916450,KEARNEY R-I,MO,Clay County,9,9,3424,44,3380,234,1231,864,1051,0,7.27,12.0,96.81,135.35,0.0,251.43,244.16,0.0,74.81,5.35,11.0,0.0,26.15,7.0,13.0,0.0,3.0,28.0,55.14,474.88,,,,,,,13.84,10.6,72.24,22.13,3.25,0.0,7.74,1.58,3.85,2024-2025
2918220,LAWSON R-XIV,MO,Ray County,3,3,1143,46,1097,79,390,266,362,0,2.75,4.85,25.15,49.75,0.0,82.5,79.75,0.0,13.5,0.9,2.75,0.0,3.35,0.0,6.0,0.0,1.0,0.0,0.0,110.5,,,,,,,13.76,11.76,72.7,12.31,2.51,0.0,3.05,0.82,5.47,2024-2025
2918300,LEE'S SUMMIT R-VII,MO,Jackson County,29,28,17870,506,17364,1063,6289,4020,5992,0,40.53,73.03,449.56,661.73,0.0,1224.85,1184.32,0.0,187.43,9.75,49.0,4.0,125.76,22.0,69.0,0.0,8.0,161.0,667.0,2527.79,,,,,,,14.66,12.66,68.21,10.79,2.82,0.23,7.24,0.56,3.97,2024-2025
2918540,LIBERTY 53,MO,Clay County,20,18,11826,45,11781,671,4153,2853,4104,0,25.0,45.34,327.97,458.19,0.0,856.5,831.5,0.0,149.37,22.72,39.9,10.0,61.98,15.76,42.85,6.37,7.0,84.64,722.47,2019.56,,,,,,,14.17,12.01,70.58,12.68,3.39,0.85,5.26,1.93,3.64,2024-2025
2919230,LONE JACK C-6,MO,Jackson County,2,2,733,61,672,31,241,152,248,0,2.0,2.3,20.2,31.4,0.0,55.9,53.9,0.0,9.25,3.36,2.74,0.0,5.5,0.93,3.0,0.0,1.0,6.75,9.0,97.43,,,,,,,12.47,10.64,80.21,13.76,4.08,0.0,8.18,5.0,4.46,2024-2025
2921060,MISSOURI CITY 56,MO,Clay County,1,1,14,0,14,0,8,6,0,0,0.0,0.0,3.3,0.0,0.0,3.3,3.3,0.0,0.0,0.0,0.2,0.0,0.5,0.2,1.0,0.0,0.1,0.0,0.0,5.3,,,,,,,4.24,4.24,235.71,0.0,14.29,0.0,35.71,0.0,71.43,2024-2025
2922800,NORTH KANSAS CITY 74,MO,Clay County,34,33,21252,428,20824,1558,7827,4636,6803,0,72.0,98.29,564.57,772.35,0.0,1507.21,1435.21,0.0,283.86,37.93,55.0,24.0,85.44,31.0,80.0,0.0,7.0,195.46,1010.51,3317.41,,,,,,,14.51,12.11,68.92,13.63,2.64,1.15,4.1,1.82,3.84,2024-2025
2922830,NORTH PLATTE CO. R-I,MO,Platte County,5,4,556,5,551,27,181,123,220,0,0.62,2.57,16.61,27.0,0.0,46.8,46.18,0.0,8.0,1.45,2.0,0.0,2.45,0.8,2.4,0.0,0.7,17.0,9.0,90.6,,,,,,,11.93,10.17,83.81,14.52,3.63,0.0,4.45,2.63,4.36,2024-2025
2923010,OAK GROVE R-VI,MO,Jackson County,4,4,1853,78,1775,159,711,301,604,0,5.5,9.18,55.78,75.71,0.0,146.17,140.67,0.0,19.88,4.25,5.0,0.0,8.37,4.0,9.0,1.0,2.0,38.0,212.0,449.67,,,,,,,12.62,11.06,79.25,11.2,2.82,0.0,4.72,2.39,5.07,2024-2025
2923220,ORRICK R-XI,MO,Ray County,2,2,293,14,279,13,112,61,93,0,0.18,1.2,11.55,14.67,0.0,27.6,27.42,0.0,9.0,1.0,1.9,0.0,1.3,0.0,1.95,0.0,1.0,0.0,0.0,43.75,,,,,,,10.18,7.66,98.28,32.26,6.81,0.0,4.66,3.58,6.99,2024-2025
2923550,PARK HILL,MO,Platte County,20,19,11937,392,11545,779,4272,2657,3837,0,19.5,44.51,340.44,484.54,0.0,888.99,869.49,0.0,200.88,7.67,34.4,5.0,80.24,18.0,51.0,0.0,6.0,108.0,521.46,1921.64,,,,,,,13.28,10.79,75.31,17.4,2.98,0.43,6.95,0.66,4.42,2024-2025
2923730,RAYMORE-PECULIAR R-II,MO,Cass County,12,12,6332,189,6143,393,2273,1425,2052,0,17.0,32.11,164.98,233.19,0.0,447.28,430.28,0.0,76.63,7.37,18.72,3.0,29.12,9.36,24.92,14.0,5.0,18.0,191.08,844.48,,,,,,,14.28,12.12,70.04,12.47,3.05,0.49,4.74,1.2,4.06,2024-2025
2925230,PLATTE CO. R-III,MO,Platte County,8,7,4374,63,4311,322,1578,1014,1397,0,6.0,21.26,121.47,170.59,0.0,319.32,313.32,0.0,68.0,8.0,13.0,1.0,30.0,7.75,17.0,0.0,2.0,0.0,7.0,474.07,,,,,,,13.76,11.31,72.68,15.77,3.02,0.23,6.96,1.86,3.94,2024-2025
2925330,PLEASANT HILL R-III,MO,Cass County,5,5,2080,46,2034,107,704,493,730,0,2.0,8.0,69.64,73.71,0.0,153.35,151.35,0.0,27.3,5.04,5.46,0.0,15.75,3.54,9.61,0.0,2.0,19.0,20.0,261.05,,,,,,,13.44,11.39,74.41,13.42,2.68,0.0,7.74,2.48,4.72,2024-2025
2926070,RAYTOWN C-2,MO,Jackson County,20,18,7676,273,7403,541,2828,1665,2369,0,24.37,31.29,237.66,288.0,0.0,581.32,556.95,0.0,144.5,17.95,26.0,3.0,46.95,9.23,34.0,0.0,7.0,110.0,480.0,1459.95,,,,,,,13.29,10.55,75.23,19.52,3.51,0.41,6.34,2.42,4.59,2024-2025
2926480,RICHMOND R-XVI,MO,Ray County,4,4,1543,75,1468,122,563,309,474,0,6.5,12.0,43.5,56.68,0.0,118.68,112.18,0.0,27.0,4.66,5.0,0.0,7.86,0.1,5.9,0.0,2.0,0.0,1.0,172.2,,,,,,,13.09,10.55,76.42,18.39,3.41,0.0,5.35,3.17,4.02,2024-2025
2928410,SMITHVILLE R-II,MO,Clay County,5,5,2514,19,2495,168,920,562,845,0,3.15,11.16,82.81,82.23,0.0,179.35,176.2,0.0,41.0,0.31,7.63,0.0,12.77,4.88,11.9,0.0,5.0,22.0,46.89,331.73,,,,,,,14.16,11.49,70.62,16.43,3.06,0.0,5.12,0.12,4.77,2024-2025
2929670,STRASBURG C-3,MO,Cass County,1,1,111,0,111,8,66,37,0,0,0.0,1.12,12.68,0.0,0.0,13.8,13.8,0.0,1.0,0.0,0.9,0.0,1.5,0.0,1.0,0.0,0.8,0.0,0.0,19.0,,,,,,,8.04,7.5,124.32,9.01,8.11,0.0,13.51,0.0,9.01,2024-2025
2931710,WEST PLATTE CO. R-II,MO,Platte County,3,3,745,54,691,44,256,170,221,0,3.0,3.0,24.87,33.55,0.0,64.42,61.42,0.0,11.4,1.5,2.86,0.0,1.6,1.86,4.72,0.0,1.0,5.25,9.0,103.61,,,,,,,11.25,9.49,88.89,16.5,4.14,0.0,2.32,2.17,6.83,2024-2025
2931800,MIDWAY R-I,MO,Cass County,2,2,428,0,428,25,168,106,129,0,1.1,2.26,18.07,19.79,0.0,41.22,40.12,0.0,12.5,0.95,0.75,0.0,2.55,1.9,2.0,0.0,1.0,0.0,0.0,62.87,,,,,,,10.67,8.13,93.74,29.21,1.75,0.0,5.96,2.22,4.67,2024-2025
