school_year,locale_group,locale_basis,coverage_tier,pct_enrollment_valid,reporting_schools_count,total_expected_schools,total_enrollment,total_classroom_teacher_fte,student_weighted_ptr,median_school_ptr,p10_school_ptr,p25_school_ptr,p75_school_ptr,p90_school_ptr,is_primary_trend_eligible,notes
2014-2015,City,dynamic_annual_cross_section,complete,100.0,226,229,113212,7518.25,15.06,15.06,11.45,13.5,16.38,17.98,True,Dynamic historical locale: City
2015-2016,City,dynamic_annual_cross_section,high_coverage,99.34,228,234,115900,7727.18,15.0,15.08,11.91,13.5,16.37,17.68,True,Dynamic historical locale: City
2016-2017,City,dynamic_annual_cross_section,high_coverage,99.88,229,233,117798,7945.73,14.83,14.34,11.7,13.23,16.31,17.54,True,Dynamic historical locale: City
2017-2018,City,dynamic_annual_cross_section,complete,100.0,233,236,119341,8209.48,14.54,14.18,11.45,13.02,15.77,17.16,True,Dynamic historical locale: City
2018-2019,City,dynamic_annual_cross_section,high_coverage,99.71,230,235,116783,8087.22,14.44,14.23,11.39,12.76,15.91,17.1,True,Dynamic historical locale: City
2019-2020,City,dynamic_annual_cross_section,high_coverage,99.7,237,240,121939,8417.18,14.49,14.11,11.28,12.73,15.82,17.16,True,Dynamic historical locale: City
2020-2021,City,dynamic_annual_cross_section,high_coverage,99.85,240,243,118019,8372.28,14.1,13.82,10.62,11.84,15.39,17.29,True,Dynamic historical locale: City
2021-2022,City,dynamic_annual_cross_section,high_coverage,99.9,238,241,116059,8363.92,13.88,13.62,10.23,11.86,15.27,16.54,True,Dynamic historical locale: City
2022-2023,City,dynamic_annual_cross_section,high_coverage,99.9,241,244,118967,8706.25,13.66,13.11,10.29,11.6,14.72,16.1,True,Dynamic historical locale: City
2023-2024,City,dynamic_annual_cross_section,high_coverage,99.85,250,251,125499,9109.17,13.78,13.28,10.38,11.76,14.89,16.47,True,Dynamic historical locale: City
2024-2025,City,dynamic_annual_cross_section,high_coverage,99.94,248,249,125597,9131.85,13.75,13.42,10.24,12.0,15.04,15.93,True,Dynamic historical locale: City
2014-2015,Suburb,dynamic_annual_cross_section,complete,100.0,227,229,138849,8782.64,15.81,15.57,13.62,14.46,17.14,17.77,True,Dynamic historical locale: Suburb
2015-2016,Suburb,dynamic_annual_cross_section,insufficient_coverage,79.89,177,226,109088,7023.07,15.53,15.51,13.41,14.31,16.79,17.77,False,Olathe/Gardner Edgerton suppression affects suburban Kansas; reporting entities only
2016-2017,Suburb,dynamic_annual_cross_section,complete,100.0,219,222,135142,8675.28,15.58,15.49,12.8,14.04,16.6,17.81,True,Dynamic historical locale: Suburb
2017-2018,Suburb,dynamic_annual_cross_section,complete,100.0,220,222,135346,8840.41,15.31,14.93,12.32,13.86,16.28,17.44,True,Dynamic historical locale: Suburb
2018-2019,Suburb,dynamic_annual_cross_section,complete,100.0,222,225,135432,8922.97,15.18,14.98,12.15,13.48,16.39,17.45,True,Dynamic historical locale: Suburb
2019-2020,Suburb,dynamic_annual_cross_section,complete,100.0,215,218,132048,8701.0,15.18,14.93,12.28,13.54,16.24,17.42,True,Dynamic historical locale: Suburb
2020-2021,Suburb,dynamic_annual_cross_section,complete,100.0,216,219,128876,8681.96,14.84,14.3,11.3,12.64,16.11,17.27,True,Dynamic historical locale: Suburb
2021-2022,Suburb,dynamic_annual_cross_section,complete,100.0,217,220,128991,8936.48,14.43,13.95,11.11,12.48,15.48,16.97,True,Dynamic historical locale: Suburb
2022-2023,Suburb,dynamic_annual_cross_section,complete,100.0,218,221,127941,8776.95,14.58,14.06,11.63,12.8,15.68,16.78,True,Dynamic historical locale: Suburb
2023-2024,Suburb,dynamic_annual_cross_section,complete,100.0,222,222,128790,8888.63,14.49,14.04,11.66,12.79,15.38,16.61,True,Dynamic historical locale: Suburb
2024-2025,Suburb,dynamic_annual_cross_section,complete,100.0,221,221,127583,9011.67,14.16,13.78,11.31,12.4,15.09,16.28,True,Dynamic historical locale: Suburb
2014-2015,Town,dynamic_annual_cross_section,complete,100.0,61,62,31627,2100.66,15.06,14.83,12.84,13.78,16.34,18.01,True,Dynamic historical locale: Town
2015-2016,Town,dynamic_annual_cross_section,complete,100.0,58,59,29913,1997.86,14.97,14.74,12.9,13.97,15.87,16.79,True,Dynamic historical locale: Town
2016-2017,Town,dynamic_annual_cross_section,complete,100.0,57,57,30405,1994.11,15.25,14.96,12.68,13.92,16.03,17.53,True,Dynamic historical locale: Town
2017-2018,Town,dynamic_annual_cross_section,complete,100.0,57,57,30354,1992.79,15.23,15.02,12.86,14.1,15.86,17.0,True,Dynamic historical locale: Town
2018-2019,Town,dynamic_annual_cross_section,complete,100.0,57,57,30370,2019.84,15.04,14.79,12.61,13.55,16.0,16.87,True,Dynamic historical locale: Town
2019-2020,Town,dynamic_annual_cross_section,complete,100.0,57,57,29946,2006.26,14.93,15.0,12.17,13.71,15.78,16.89,True,Dynamic historical locale: Town
2020-2021,Town,dynamic_annual_cross_section,complete,100.0,58,58,28777,2040.12,14.11,14.0,11.34,12.42,15.18,16.24,True,Dynamic historical locale: Town
2021-2022,Town,dynamic_annual_cross_section,complete,100.0,59,59,28737,2005.68,14.33,13.91,12.11,12.77,15.82,16.62,True,Dynamic historical locale: Town
2022-2023,Town,dynamic_annual_cross_section,complete,100.0,59,59,29060,2007.11,14.48,14.29,12.19,13.5,15.76,16.36,True,Dynamic historical locale: Town
2023-2024,Town,dynamic_annual_cross_section,complete,100.0,58,58,29695,2093.63,14.18,13.78,12.05,12.64,15.02,16.02,True,Dynamic historical locale: Town
2024-2025,Town,dynamic_annual_cross_section,complete,100.0,58,58,29332,2099.41,13.97,13.38,11.74,12.88,14.53,16.5,True,Dynamic historical locale: Town
2014-2015,Rural,dynamic_annual_cross_section,complete,100.0,87,87,42333,2789.6,15.18,14.5,9.97,11.65,16.4,17.57,True,Dynamic historical locale: Rural
2015-2016,Rural,dynamic_annual_cross_section,partial_coverage,88.03,81,88,39227,2568.38,15.27,14.67,9.1,11.91,16.41,17.98,False,Dynamic historical locale: Rural
2016-2017,Rural,dynamic_annual_cross_section,complete,100.0,90,90,46530,3026.71,15.37,14.89,10.5,12.03,16.47,17.89,True,Dynamic historical locale: Rural
2017-2018,Rural,dynamic_annual_cross_section,complete,100.0,91,91,47193,3072.9,15.36,14.77,9.81,12.33,16.49,17.81,True,Dynamic historical locale: Rural
2018-2019,Rural,dynamic_annual_cross_section,complete,100.0,92,92,47572,3110.52,15.29,14.36,10.34,12.37,16.39,17.45,True,Dynamic historical locale: Rural
2019-2020,Rural,dynamic_annual_cross_section,complete,100.0,95,95,48257,3217.67,15.0,14.31,10.67,12.55,16.07,17.18,True,Dynamic historical locale: Rural
2020-2021,Rural,dynamic_annual_cross_section,complete,100.0,96,96,47984,3198.84,15.0,13.92,10.16,11.88,15.41,17.22,True,Dynamic historical locale: Rural
2021-2022,Rural,dynamic_annual_cross_section,complete,100.0,98,98,49260,3353.51,14.69,13.4,10.47,12.12,15.27,16.52,True,Dynamic historical locale: Rural
2022-2023,Rural,dynamic_annual_cross_section,complete,100.0,100,100,50380,3459.79,14.56,13.58,10.64,12.2,15.04,16.42,True,Dynamic historical locale: Rural
2023-2024,Rural,dynamic_annual_cross_section,complete,100.0,96,96,40340,2850.69,14.15,13.32,9.82,11.62,14.74,16.03,True,Dynamic historical locale: Rural
2024-2025,Rural,dynamic_annual_cross_section,complete,100.0,96,96,40676,2935.3,13.86,13.09,9.58,11.56,14.35,16.04,True,Dynamic historical locale: Rural
2014-2015,City,fixed_2024_2025_balanced_panel,complete,100.0,220,221,116761,7650.87,15.26,15.2,11.75,13.72,16.49,17.84,True,Fixed 2024-25 locale on balanced panel: City
2015-2016,City,fixed_2024_2025_balanced_panel,high_coverage,98.93,217,221,116906,7713.54,15.16,15.13,12.05,13.66,16.42,17.81,True,Fixed 2024-25 locale on balanced panel: City
2016-2017,City,fixed_2024_2025_balanced_panel,complete,99.99,220,221,120666,8015.54,15.05,14.7,12.01,13.3,16.4,17.64,True,Fixed 2024-25 locale on balanced panel: City
2017-2018,City,fixed_2024_2025_balanced_panel,complete,100.0,220,221,121390,8292.2,14.64,14.53,11.59,13.16,15.84,17.35,True,Fixed 2024-25 locale on balanced panel: City
2018-2019,City,fixed_2024_2025_balanced_panel,complete,100.0,220,221,119529,8171.61,14.63,14.44,11.86,13.02,16.02,17.15,True,Fixed 2024-25 locale on balanced panel: City
2019-2020,City,fixed_2024_2025_balanced_panel,complete,100.0,221,222,120211,8243.74,14.58,14.11,11.77,12.87,15.88,17.19,True,Fixed 2024-25 locale on balanced panel: City
2020-2021,City,fixed_2024_2025_balanced_panel,complete,99.99,221,222,115097,8032.35,14.33,13.9,10.9,11.97,15.59,17.51,True,Fixed 2024-25 locale on balanced panel: City
2021-2022,City,fixed_2024_2025_balanced_panel,complete,100.0,220,222,113877,8083.33,14.09,13.7,10.53,12.06,15.47,16.92,True,Fixed 2024-25 locale on balanced panel: City
2022-2023,City,fixed_2024_2025_balanced_panel,high_coverage,99.98,221,222,116367,8420.65,13.82,13.26,10.67,11.85,14.73,16.13,True,Fixed 2024-25 locale on balanced panel: City
2023-2024,City,fixed_2024_2025_balanced_panel,complete,100.0,222,222,115863,8385.8,13.82,13.34,10.52,11.81,14.88,16.43,True,Fixed 2024-25 locale on balanced panel: City
2024-2025,City,fixed_2024_2025_balanced_panel,complete,100.0,222,222,116566,8419.68,13.84,13.52,10.61,12.06,15.06,15.92,True,Fixed 2024-25 locale on balanced panel: City
2014-2015,Suburb,fixed_2024_2025_balanced_panel,complete,100.0,214,216,132576,8360.63,15.86,15.62,13.58,14.44,17.13,17.77,True,Fixed 2024-25 locale on balanced panel: Suburb
2015-2016,Suburb,fixed_2024_2025_balanced_panel,insufficient_coverage,76.74,164,216,102315,6550.49,15.62,15.54,13.6,14.32,16.77,17.73,False,Fixed 2024-25 locale on balanced panel: Suburb
2016-2017,Suburb,fixed_2024_2025_balanced_panel,complete,100.0,213,216,133946,8528.59,15.71,15.5,12.84,14.17,16.61,17.9,True,Fixed 2024-25 locale on balanced panel: Suburb
2017-2018,Suburb,fixed_2024_2025_balanced_panel,complete,100.0,214,216,133363,8632.85,15.45,14.97,12.24,13.88,16.36,17.55,True,Fixed 2024-25 locale on balanced panel: Suburb
2018-2019,Suburb,fixed_2024_2025_balanced_panel,complete,100.0,213,216,131695,8594.36,15.32,15.0,12.18,13.47,16.42,17.79,True,Fixed 2024-25 locale on balanced panel: Suburb
2019-2020,Suburb,fixed_2024_2025_balanced_panel,complete,100.0,213,216,131287,8625.05,15.22,14.94,12.32,13.57,16.27,17.42,True,Fixed 2024-25 locale on balanced panel: Suburb
2020-2021,Suburb,fixed_2024_2025_balanced_panel,complete,100.0,213,216,126990,8518.85,14.91,14.3,11.31,12.78,16.13,17.23,True,Fixed 2024-25 locale on balanced panel: Suburb
2021-2022,Suburb,fixed_2024_2025_balanced_panel,complete,100.0,213,216,127253,8780.31,14.49,14.11,11.08,12.48,15.48,16.85,True,Fixed 2024-25 locale on balanced panel: Suburb
2022-2023,Suburb,fixed_2024_2025_balanced_panel,complete,100.0,213,216,126194,8609.45,14.66,14.1,11.67,12.88,15.69,16.78,True,Fixed 2024-25 locale on balanced panel: Suburb
2023-2024,Suburb,fixed_2024_2025_balanced_panel,complete,100.0,216,216,125499,8657.01,14.5,14.05,11.64,12.79,15.38,16.62,True,Fixed 2024-25 locale on balanced panel: Suburb
2024-2025,Suburb,fixed_2024_2025_balanced_panel,complete,100.0,216,216,124354,8776.49,14.17,13.82,11.28,12.38,15.11,16.31,True,Fixed 2024-25 locale on balanced panel: Suburb
2014-2015,Town,fixed_2024_2025_balanced_panel,complete,100.0,54,54,31068,2008.71,15.47,14.93,12.97,13.85,16.66,18.12,True,Fixed 2024-25 locale on balanced panel: Town
2015-2016,Town,fixed_2024_2025_balanced_panel,complete,100.0,54,54,31093,2016.69,15.42,14.93,13.51,14.13,16.4,17.68,True,Fixed 2024-25 locale on balanced panel: Town
2016-2017,Town,fixed_2024_2025_balanced_panel,complete,100.0,51,51,30524,1984.05,15.38,15.28,12.97,13.99,16.2,17.14,True,Fixed 2024-25 locale on balanced panel: Town
2017-2018,Town,fixed_2024_2025_balanced_panel,complete,100.0,51,51,30554,1993.21,15.33,15.1,13.09,14.1,16.09,17.08,True,Fixed 2024-25 locale on balanced panel: Town
2018-2019,Town,fixed_2024_2025_balanced_panel,complete,100.0,51,51,29632,1966.32,15.07,14.68,12.61,13.65,15.84,16.82,True,Fixed 2024-25 locale on balanced panel: Town
2019-2020,Town,fixed_2024_2025_balanced_panel,complete,100.0,51,51,29173,1935.69,15.07,14.99,12.67,13.7,15.56,17.03,True,Fixed 2024-25 locale on balanced panel: Town
2020-2021,Town,fixed_2024_2025_balanced_panel,complete,100.0,51,51,28423,1980.19,14.35,14.04,11.54,12.42,15.28,16.11,True,Fixed 2024-25 locale on balanced panel: Town
2021-2022,Town,fixed_2024_2025_balanced_panel,complete,100.0,51,51,27999,1927.74,14.52,13.77,12.16,12.73,15.65,16.64,True,Fixed 2024-25 locale on balanced panel: Town
2022-2023,Town,fixed_2024_2025_balanced_panel,complete,100.0,51,51,28215,1930.26,14.62,14.17,12.09,13.45,15.14,16.26,True,Fixed 2024-25 locale on balanced panel: Town
2023-2024,Town,fixed_2024_2025_balanced_panel,complete,100.0,51,51,27027,1903.5,14.2,13.74,12.14,12.63,14.75,15.93,True,Fixed 2024-25 locale on balanced panel: Town
2024-2025,Town,fixed_2024_2025_balanced_panel,complete,100.0,51,51,26752,1912.39,13.99,13.37,11.45,12.82,14.52,16.72,True,Fixed 2024-25 locale on balanced panel: Town
2014-2015,Rural,fixed_2024_2025_balanced_panel,complete,100.0,86,87,36689,2478.13,14.81,14.28,10.34,11.67,16.04,17.37,True,Fixed 2024-25 locale on balanced panel: Rural
2015-2016,Rural,fixed_2024_2025_balanced_panel,high_coverage,96.85,83,87,35665,2391.73,14.91,14.31,9.85,12.14,16.06,17.41,True,Fixed 2024-25 locale on balanced panel: Rural
2016-2017,Rural,fixed_2024_2025_balanced_panel,complete,100.0,86,87,37465,2486.45,15.07,14.57,10.56,12.03,16.28,17.87,True,Fixed 2024-25 locale on balanced panel: Rural
2017-2018,Rural,fixed_2024_2025_balanced_panel,complete,100.0,86,87,37854,2498.35,15.15,14.62,10.18,12.42,16.17,17.85,True,Fixed 2024-25 locale on balanced panel: Rural
2018-2019,Rural,fixed_2024_2025_balanced_panel,complete,100.0,86,87,38402,2540.84,15.11,14.6,10.35,12.33,16.35,17.23,True,Fixed 2024-25 locale on balanced panel: Rural
2019-2020,Rural,fixed_2024_2025_balanced_panel,complete,100.0,87,87,38135,2548.52,14.96,14.23,10.55,12.05,16.11,17.23,True,Fixed 2024-25 locale on balanced panel: Rural
2020-2021,Rural,fixed_2024_2025_balanced_panel,complete,100.0,87,87,36930,2560.22,14.42,13.56,10.04,11.36,15.01,16.85,True,Fixed 2024-25 locale on balanced panel: Rural
2021-2022,Rural,fixed_2024_2025_balanced_panel,complete,100.0,87,87,36966,2566.31,14.4,13.29,10.24,11.85,15.18,16.32,True,Fixed 2024-25 locale on balanced panel: Rural
2022-2023,Rural,fixed_2024_2025_balanced_panel,complete,100.0,86,87,36910,2582.77,14.29,13.49,10.36,11.93,14.9,16.16,True,Fixed 2024-25 locale on balanced panel: Rural
2023-2024,Rural,fixed_2024_2025_balanced_panel,complete,100.0,87,87,36799,2599.55,14.16,13.34,9.75,11.6,14.74,15.92,True,Fixed 2024-25 locale on balanced panel: Rural
2024-2025,Rural,fixed_2024_2025_balanced_panel,complete,100.0,87,87,36764,2656.3,13.84,13.06,9.59,11.36,14.36,16.0,True,Fixed 2024-25 locale on balanced panel: Rural
