state,district,nces_lea_id,school_year,nces_enrollment_k12,nces_teacher_fte_k12,nces_teacher_fte_total,state_enrollment_comparable,state_teacher_fte_comparable,state_measure_used,teacher_fte_diff,pct_difference,audit_classification,source_compatibility_status,explanatory_notes
KS,Blue Valley,2012000,2014-2015,21882,1426.50,1453.30,21375.1,1491.70,KSDE Classroom + Other Teachers FTE,-65.20,-4.37%,moderate_difference,Highly Compatible,"State includes Pre-K and SPED in total teachers. Difference to NCES Total is -38.40 (-2.57%)."
KS,Blue Valley,2012000,2019-2020,22375,1597.83,1625.63,22416.4,1604.60,KSDE Classroom + Other Teachers FTE,-6.77,-0.42%,close_match,Highly Compatible,"Near-exact match to NCES K-12 Teacher FTE (diff -6.77 FTE, -0.42%)."
KS,Blue Valley,2012000,2024-2025,21796,1640.27,1672.47,21779.7,1670.00,KSDE Classroom + Other Teachers FTE,-29.73,-1.78%,close_match,Highly Compatible,"NCES Total reported (1672.47) matches State Total (1670.00) within +2.47 FTE (+0.15%)."
KS,Olathe,2010140,2014-2015,28439,1940.00,2021.00,27601.4,1968.30,KSDE Classroom + Other Teachers FTE,-28.30,-1.44%,close_match,Highly Compatible,"NCES K-12 FTE matches state instructional sum within -28.3 FTE (-1.44%)."
KS,Olathe,2010140,2019-2020,29223,2159.95,2204.65,29360.1,2205.10,KSDE Classroom + Other Teachers FTE,-45.15,-2.05%,moderate_difference,Highly Compatible,"NCES Total Reported (2204.65) matches State Total (2205.10) within 0.45 FTE (-0.02%)."
KS,Olathe,2010140,2024-2025,27499,2140.99,2189.32,27522.3,2137.00,KSDE Budget Form 150 Full Time Teachers,+3.99,+0.19%,close_match,Highly Compatible,"KSDE Budget Form 150 (2137.0 FTE) matches NCES K-12 FTE (2140.99) within 3.99 FTE (+0.19%)."
KS,Kansas City,2007950,2014-2015,21158,1391.60,1478.10,20523.2,1382.00,KSDE Classroom Teachers FTE,+9.60,+0.69%,close_match,Highly Compatible,"NCES K-12 FTE matches KSDE Classroom Teachers within +9.60 FTE (+0.69%). SPED co-op staff accounted separately."
KS,Kansas City,2007950,2019-2020,22277,1564.67,1641.67,22234.9,1598.00,KSDE Classroom Teachers FTE,-33.33,-2.09%,moderate_difference,Highly Compatible,"NCES K-12 FTE matches KSDE Classroom Teachers within -33.33 FTE (-2.09%)."
KS,Kansas City,2007950,2024-2025,20210,1352.98,1399.56,20557.4,1396.20,KSDE Classroom + Other Teachers FTE,-43.22,-3.10%,moderate_difference,Highly Compatible,"NCES Total Reported (1399.56) matches State Total (1396.20) within +3.36 FTE (+0.24%)."
KS,Shawnee Mission,2011640,2014-2015,27098,1718.00,1743.50,26280.1,1710.80,KSDE Classroom + Other Teachers FTE,+7.20,+0.42%,close_match,Highly Compatible,"NCES K-12 FTE matches state instructional sum within +7.20 FTE (+0.42%)."
KS,Shawnee Mission,2011640,2019-2020,26741,1796.10,1830.10,26966.7,1811.70,KSDE Classroom + Other Teachers FTE,-15.60,-0.86%,close_match,Highly Compatible,"NCES K-12 FTE matches state instructional sum within -15.60 FTE (-0.86%)."
KS,Shawnee Mission,2011640,2024-2025,25774,1792.01,1859.99,25957.9,1954.30,KSDE Classroom + Other Teachers FTE,-162.29,-8.30%,material_difference,Definitional Variance Documented,"State Other Teachers expanded to 294.7 FTE. Comparing NCES K-12 to KSDE Classroom (1659.60) yields +132.41 FTE (+7.98%). Investigated in anomalies ledger."
MO,Kansas City 33,2916400,2014-2015,14348,1033.05,1096.05,14120.0,1050.20,MO DESE Core Data Screen 18 Classroom Teachers,-17.15,-1.63%,close_match,Highly Compatible,"NCES K-12 Teacher FTE matches Core Data Screen 18 classroom teachers within -17.15 FTE (-1.63%)."
MO,Kansas City 33,2916400,2019-2020,14075,1053.10,1099.10,14010.0,1072.50,MO DESE Core Data Screen 18 Classroom Teachers,-19.40,-1.81%,close_match,Highly Compatible,"NCES K-12 Teacher FTE matches Core Data Screen 18 within -19.40 FTE (-1.81%)."
MO,Kansas City 33,2916400,2024-2025,13975,1081.27,1123.28,13890.0,1101.40,MO DESE Core Data Screen 18 Classroom Teachers,-20.13,-1.83%,close_match,Highly Compatible,"NCES K-12 Teacher FTE matches Core Data Screen 18 within -20.13 FTE (-1.83%)."
MO,North Kansas City 74,2922800,2014-2015,19262,1230.91,1264.41,19150.0,1248.60,MO DESE Core Data Screen 18 Classroom Teachers,-17.69,-1.42%,close_match,Highly Compatible,"NCES K-12 Teacher FTE matches Core Data Screen 18 within -17.69 FTE (-1.42%)."
MO,North Kansas City 74,2922800,2019-2020,20340,1385.09,1434.53,20220.0,1412.30,MO DESE Core Data Screen 18 Classroom Teachers,-27.21,-1.93%,close_match,Highly Compatible,"NCES K-12 Teacher FTE matches Core Data Screen 18 within -27.21 FTE (-1.93%)."
MO,North Kansas City 74,2922800,2024-2025,20824,1435.21,1507.21,20750.0,1478.50,MO DESE Core Data Screen 18 Classroom Teachers,-43.29,-2.93%,moderate_difference,Highly Compatible,"NCES K-12 Teacher FTE matches Core Data Screen 18 within -43.29 FTE (-2.93%). Both show double-digit expansion."
MO,Lee's Summit R-VII,2918300,2014-2015,17589,1152.13,1177.33,17480.0,1162.80,MO DESE Core Data Screen 18 Classroom Teachers,-10.67,-0.92%,close_match,Highly Compatible,"NCES K-12 Teacher FTE matches Core Data Screen 18 within -10.67 FTE (-0.92%)."
MO,Lee's Summit R-VII,2918300,2019-2020,17905,1187.48,1218.24,17820.0,1198.10,MO DESE Core Data Screen 18 Classroom Teachers,-10.62,-0.89%,close_match,Highly Compatible,"NCES K-12 Teacher FTE matches Core Data Screen 18 within -10.62 FTE (-0.89%)."
MO,Lee's Summit R-VII,2918300,2024-2025,17364,1184.32,1224.85,17290.0,1202.40,MO DESE Core Data Screen 18 Classroom Teachers,-18.08,-1.50%,close_match,Highly Compatible,"NCES K-12 Teacher FTE matches Core Data Screen 18 within -18.08 FTE (-1.50%)."
MO,Independence 30,2915480,2014-2015,14306,865.33,882.33,14210.0,874.10,MO DESE Core Data Screen 18 Classroom Teachers,-8.77,-1.00%,close_match,Highly Compatible,"NCES K-12 Teacher FTE matches Core Data Screen 18 within -8.77 FTE (-1.00%)."
MO,Independence 30,2915480,2019-2020,14073,940.62,966.62,13990.0,952.40,MO DESE Core Data Screen 18 Classroom Teachers,-11.78,-1.24%,close_match,Highly Compatible,"NCES K-12 Teacher FTE matches Core Data Screen 18 within -11.78 FTE (-1.24%). Both show expansion."
MO,Independence 30,2915480,2024-2025,13563,938.45,970.45,13480.0,954.80,MO DESE Core Data Screen 18 Classroom Teachers,-16.35,-1.71%,close_match,Highly Compatible,"NCES K-12 Teacher FTE matches Core Data Screen 18 within -16.35 FTE (-1.71%)."
