school_year,nces_school_id,school_name,course_name,num_classes,num_enrolled,mean_class_size,flag
2013-2014,291640000862,PASEO ACAD. OF PERFORMING ARTS,Calculus,1.0,2.0,2.0,Very Low Mean Class Size (< 3 students/class)
2013-2014,290000901289,WATKINS MILL PARK CAMP,Algebra I,1.0,91.0,91.0,High Mean Class Size (> 50 students/class)
2013-2014,290000901289,WATKINS MILL PARK CAMP,Biology,1.0,53.0,53.0,High Mean Class Size (> 50 students/class)
2013-2014,291314000948,GRANDVIEW ALTERNATIVE SCH.,Algebra I,12.0,33.0,2.75,Very Low Mean Class Size (< 3 students/class)
2013-2014,291314000948,GRANDVIEW ALTERNATIVE SCH.,Algebra II,5.0,8.0,1.6,Very Low Mean Class Size (< 3 students/class)
2013-2014,291314000948,GRANDVIEW ALTERNATIVE SCH.,Biology,10.0,11.0,1.1,Very Low Mean Class Size (< 3 students/class)
2013-2014,291548001707,INDEPENDENCE ACADEMY,Algebra I,5.0,14.0,2.8,Very Low Mean Class Size (< 3 students/class)
2013-2014,291548001707,INDEPENDENCE ACADEMY,Biology,5.0,13.0,2.6,Very Low Mean Class Size (< 3 students/class)
2013-2014,291854003148,LIBERTY NORTH HIGH SCHOOL,Algebra II,20.0,45.0,2.25,Very Low Mean Class Size (< 3 students/class)
2013-2014,291854003148,LIBERTY NORTH HIGH SCHOOL,Physics,4.0,5.0,1.25,Very Low Mean Class Size (< 3 students/class)
2013-2014,292355002537,RUSSELL JONES ED CENTER,Algebra I,4.0,6.0,1.5,Very Low Mean Class Size (< 3 students/class)
2013-2014,291830003135,MILLER PARK CENTER,Biology,1.0,2.0,2.0,Very Low Mean Class Size (< 3 students/class)
2013-2014,291830003135,MILLER PARK CENTER,Chemistry,1.0,2.0,2.0,Very Low Mean Class Size (< 3 students/class)
2013-2014,290059303176,DeLaSalle Charter High School,Algebra II,10.0,8.0,0.8,Very Low Mean Class Size (< 3 students/class)
2013-2014,291854001011,LIBERTY HIGH,Physics,4.0,9.0,2.25,Very Low Mean Class Size (< 3 students/class)
2013-2014,291640003097,SOUTHEAST HIGH SCHOOL,Biology,2.0,103.0,51.5,High Mean Class Size (> 50 students/class)
2013-2014,291640003097,SOUTHEAST HIGH SCHOOL,Physics,2.0,126.0,63.0,High Mean Class Size (> 50 students/class)
2013-2014,200001801751,School for Blind High,Biology,3.0,8.0,2.6666666666666665,Very Low Mean Class Size (< 3 students/class)
2013-2014,201236000024,Turner High,Algebra I,6.0,597.0,99.5,High Mean Class Size (> 50 students/class)
2013-2014,201236000024,Turner High,Calculus,2.0,145.0,72.5,High Mean Class Size (> 50 students/class)
2013-2014,200002501855,Lansing Correctional Facility,Algebra I,2.0,141.0,70.5,High Mean Class Size (> 50 students/class)
2013-2014,200002501855,Lansing Correctional Facility,Biology,2.0,140.0,70.0,High Mean Class Size (> 50 students/class)
2013-2014,292322001336,ORRICK HIGH,Calculus,1.0,2.0,2.0,Very Low Mean Class Size (< 3 students/class)
2013-2014,291107000379,DREXEL HIGH,Chemistry,1.0,2.0,2.0,Very Low Mean Class Size (< 3 students/class)
2013-2014,291548003096,VAN HORN HIGH,Calculus,1.0,2.0,2.0,Very Low Mean Class Size (< 3 students/class)
2013-2014,291548003096,VAN HORN HIGH,Physics,2.0,2.0,1.0,Very Low Mean Class Size (< 3 students/class)
2013-2014,293171002220,WEST PLATTE HIGH,Physics,1.0,2.0,2.0,Very Low Mean Class Size (< 3 students/class)
2013-2014,291640000880,EAST HIGH SCHOOL,Biology,4.0,244.0,61.0,High Mean Class Size (> 50 students/class)
2013-2014,291640000880,EAST HIGH SCHOOL,Physics,3.0,281.0,93.66666666666667,High Mean Class Size (> 50 students/class)
2013-2014,200795001433,Washington High,Algebra II,5.0,274.0,54.8,High Mean Class Size (> 50 students/class)
2013-2014,290002902741,GUADALUPE CENTERS HIGH SCHOOL,Algebra II,8.0,15.0,1.875,Very Low Mean Class Size (< 3 students/class)
2013-2014,290002902741,GUADALUPE CENTERS HIGH SCHOOL,Advanced Mathematics,1.0,2.0,2.0,Very Low Mean Class Size (< 3 students/class)
2013-2014,291640000860,NORTHEAST HIGH,Biology,3.0,232.0,77.33333333333333,High Mean Class Size (> 50 students/class)
2013-2014,291640000860,NORTHEAST HIGH,Chemistry,2.0,132.0,66.0,High Mean Class Size (> 50 students/class)
2013-2014,291640000860,NORTHEAST HIGH,Physics,3.0,247.0,82.33333333333333,High Mean Class Size (> 50 students/class)
2013-2014,290320000025,ARCHIE HIGH SCHOOL,Algebra II,1.0,57.0,57.0,High Mean Class Size (> 50 students/class)
2013-2014,291548000724,WILLIAM CHRISMAN HIGH,Advanced Mathematics,3.0,193.0,64.33333333333333,High Mean Class Size (> 50 students/class)
2013-2014,291548000724,WILLIAM CHRISMAN HIGH,Calculus,1.0,65.0,65.0,High Mean Class Size (> 50 students/class)
2013-2014,291640003093,SOUTHWEST EARLY COLLEGE CAMPUS,Biology,2.0,121.0,60.5,High Mean Class Size (> 50 students/class)
2013-2014,291640003093,SOUTHWEST EARLY COLLEGE CAMPUS,Physics,2.0,121.0,60.5,High Mean Class Size (> 50 students/class)
2013-2014,201200001644,Blue Valley North High,Algebra I,42.0,108.0,2.5714285714285716,Very Low Mean Class Size (< 3 students/class)
2013-2014,291640000840,CENTRAL HIGH SCHOOL,Biology,2.0,185.0,92.5,High Mean Class Size (> 50 students/class)
2013-2014,291640000840,CENTRAL HIGH SCHOOL,Physics,3.0,208.0,69.33333333333333,High Mean Class Size (> 50 students/class)
2013-2014,200001901753,School for Deaf High,Biology,8.0,19.0,2.375,Very Low Mean Class Size (< 3 students/class)
2013-2014,291640000844,LINCOLN COLLEGE PREP.,Biology,4.0,337.0,84.25,High Mean Class Size (> 50 students/class)
2013-2014,291640000844,LINCOLN COLLEGE PREP.,Chemistry,3.0,226.0,75.33333333333333,High Mean Class Size (> 50 students/class)
2013-2014,291640000844,LINCOLN COLLEGE PREP.,Physics,3.0,208.0,69.33333333333333,High Mean Class Size (> 50 students/class)
2013-2014,200897001742,Peoria Street Learning Center,Biology,1.0,2.0,2.0,Very Low Mean Class Size (< 3 students/class)
2015-2016,200795001420,Wyandotte High,Biology,5.0,270.0,54.0,High Mean Class Size (> 50 students/class)
2015-2016,200795001433,Washington High,Biology,5.0,300.0,60.0,High Mean Class Size (> 50 students/class)
2015-2016,201185001918,Insight School of Kansas,Biology,2.0,163.0,81.5,High Mean Class Size (> 50 students/class)
2015-2016,290000901287,ALTERNATIVE RESOURCE CTR.,Biology,2.0,4.0,2.0,Very Low Mean Class Size (< 3 students/class)
2015-2016,290002503233,ALLEN VILLAGE HIGH SCHOOL,Advanced Mathematics,2.0,4.0,2.0,Very Low Mean Class Size (< 3 students/class)
2015-2016,290059003181,FRONTIER SCHL OF EXCELLENCE-U,Advanced Mathematics,1.0,2.0,2.0,Very Low Mean Class Size (< 3 students/class)
2015-2016,290059303176,DeLaSalle Charter High School,Algebra I,1.0,117.0,117.0,High Mean Class Size (> 50 students/class)
2015-2016,290059303176,DeLaSalle Charter High School,Algebra II,1.0,115.0,115.0,High Mean Class Size (> 50 students/class)
2015-2016,290059303176,DeLaSalle Charter High School,Biology,1.0,141.0,141.0,High Mean Class Size (> 50 students/class)
2015-2016,290059303176,DeLaSalle Charter High School,Physics,1.0,88.0,88.0,High Mean Class Size (> 50 students/class)
2015-2016,290825002810,CENTER ACADEMY FOR SUCCESS,Algebra II,2.0,2.0,1.0,Very Low Mean Class Size (< 3 students/class)
2015-2016,291107000379,DREXEL HIGH,Algebra I,42.0,43.0,1.0238095238095237,Very Low Mean Class Size (< 3 students/class)
2015-2016,291107000379,DREXEL HIGH,Geometry,7.0,7.0,1.0,Very Low Mean Class Size (< 3 students/class)
2015-2016,291107000379,DREXEL HIGH,Algebra II,8.0,7.0,0.875,Very Low Mean Class Size (< 3 students/class)
2015-2016,291107000379,DREXEL HIGH,Advanced Mathematics,27.0,28.0,1.037037037037037,Very Low Mean Class Size (< 3 students/class)
2015-2016,291107000379,DREXEL HIGH,Calculus,3.0,4.0,1.3333333333333333,Very Low Mean Class Size (< 3 students/class)
2015-2016,291165000071,EXCELSIOR SPRINGS TECH. HIGH,Biology,2.0,109.0,54.5,High Mean Class Size (> 50 students/class)
2015-2016,291314000948,GRANDVIEW ALTERNATIVE SCH.,Algebra I,12.0,30.0,2.5,Very Low Mean Class Size (< 3 students/class)
2015-2016,291314000948,GRANDVIEW ALTERNATIVE SCH.,Geometry,8.0,17.0,2.125,Very Low Mean Class Size (< 3 students/class)
2015-2016,291314000948,GRANDVIEW ALTERNATIVE SCH.,Algebra II,8.0,13.0,1.625,Very Low Mean Class Size (< 3 students/class)
2015-2016,291314000948,GRANDVIEW ALTERNATIVE SCH.,Chemistry,10.0,17.0,1.7,Very Low Mean Class Size (< 3 students/class)
2015-2016,291368000597,HARDIN-CENTRAL HIGH,Physics,1.0,2.0,2.0,Very Low Mean Class Size (< 3 students/class)
2015-2016,291640000865,CONTRACT,Physics,1.0,2.0,2.0,Very Low Mean Class Size (< 3 students/class)
2015-2016,291640003220,SUCCESS ACADEMY,Geometry,1.0,2.0,2.0,Very Low Mean Class Size (< 3 students/class)
2015-2016,291640003220,SUCCESS ACADEMY,Chemistry,1.0,2.0,2.0,Very Low Mean Class Size (< 3 students/class)
2015-2016,291830002795,LEE'S SUMMIT WEST HIGH,Advanced Mathematics,2.0,156.0,78.0,High Mean Class Size (> 50 students/class)
2015-2016,291830002795,LEE'S SUMMIT WEST HIGH,Calculus,16.0,43.0,2.6875,Very Low Mean Class Size (< 3 students/class)
2015-2016,291854001665,LIBERTY ACADEMY,Biology,5.0,8.0,1.6,Very Low Mean Class Size (< 3 students/class)
2015-2016,293180002224,MIDWAY HIGH,Biology,43.0,77.0,1.7906976744186047,Very Low Mean Class Size (< 3 students/class)
2015-2016,293180002224,MIDWAY HIGH,Chemistry,33.0,36.0,1.0909090909090908,Very Low Mean Class Size (< 3 students/class)
2015-2016,293180002224,MIDWAY HIGH,Physics,4.0,4.0,1.0,Very Low Mean Class Size (< 3 students/class)
2017-2018,200795002094,Alfred Fairfax Academy,Algebra I,1.0,1.0,1.0,Very Low Mean Class Size (< 3 students/class)
2017-2018,200795002094,Alfred Fairfax Academy,Geometry,1.0,1.0,1.0,Very Low Mean Class Size (< 3 students/class)
2017-2018,290000901289,WATKINS MILL PARK CAMP,Algebra I,2.0,121.0,60.5,High Mean Class Size (> 50 students/class)
2017-2018,291314000948,GRANDVIEW ALTERNATIVE SCH.,Geometry,6.0,9.0,1.5,Very Low Mean Class Size (< 3 students/class)
2017-2018,291314000948,GRANDVIEW ALTERNATIVE SCH.,Algebra II,5.0,5.0,1.0,Very Low Mean Class Size (< 3 students/class)
2017-2018,291314000948,GRANDVIEW ALTERNATIVE SCH.,Biology,9.0,26.0,2.888888888888889,Very Low Mean Class Size (< 3 students/class)
2017-2018,291314000948,GRANDVIEW ALTERNATIVE SCH.,Chemistry,8.0,10.0,1.25,Very Low Mean Class Size (< 3 students/class)
2017-2018,292355002537,RUSSELL JONES ED CENTER,Biology,1.0,1.0,1.0,Very Low Mean Class Size (< 3 students/class)
2017-2018,292355003313,LEAD INNOVATION STUDIO,Algebra II,1.0,1.0,1.0,Very Low Mean Class Size (< 3 students/class)
2017-2018,292607001526,RAYTOWN SOUTH SR. HIGH,Advanced Mathematics,1.0,1.0,1.0,Very Low Mean Class Size (< 3 students/class)
2017-2018,200834001230,Lansing High 9-12,Calculus,4.0,4.0,1.0,Very Low Mean Class Size (< 3 students/class)
2017-2018,200633000049,Patton Jr High,Algebra I,5.0,8.0,1.6,Very Low Mean Class Size (< 3 students/class)
2017-2018,200633000049,Patton Jr High,Algebra II,1.0,1.0,1.0,Very Low Mean Class Size (< 3 students/class)
2017-2018,292607001525,RAYTOWN SR. HIGH,Advanced Mathematics,1.0,1.0,1.0,Very Low Mean Class Size (< 3 students/class)
2017-2018,292607001525,RAYTOWN SR. HIGH,Physics,3.0,5.0,1.6666666666666667,Very Low Mean Class Size (< 3 students/class)
2017-2018,291854001011,LIBERTY HIGH,Physics,2.0,5.0,2.5,Very Low Mean Class Size (< 3 students/class)
2017-2018,292280001284,NORTH KANSAS CITY HIGH,Calculus,8.0,19.0,2.375,Very Low Mean Class Size (< 3 students/class)
2017-2018,200001801751,School for Blind High,Algebra I,1.0,0.0,0.0,Very Low Mean Class Size (< 3 students/class)
2017-2018,200795001423,J C Harmon High,Calculus,1.0,1.0,1.0,Very Low Mean Class Size (< 3 students/class)
2017-2018,200795001423,J C Harmon High,Physics,14.0,40.0,2.857142857142857,Very Low Mean Class Size (< 3 students/class)
2017-2018,291107000379,DREXEL HIGH,Algebra I,29.0,29.0,1.0,Very Low Mean Class Size (< 3 students/class)
2017-2018,291107000379,DREXEL HIGH,Geometry,12.0,12.0,1.0,Very Low Mean Class Size (< 3 students/class)
2017-2018,291107000379,DREXEL HIGH,Algebra II,18.0,19.0,1.0555555555555556,Very Low Mean Class Size (< 3 students/class)
2017-2018,291107000379,DREXEL HIGH,Calculus,4.0,4.0,1.0,Very Low Mean Class Size (< 3 students/class)
2017-2018,291548003096,VAN HORN HIGH,Calculus,3.0,3.0,1.0,Very Low Mean Class Size (< 3 students/class)
2017-2018,291032000335,SHERWOOD HIGH,Calculus,1.0,1.0,1.0,Very Low Mean Class Size (< 3 students/class)
2017-2018,200549001723,Mill Valley High School,Algebra II,8.0,12.0,1.5,Very Low Mean Class Size (< 3 students/class)
2017-2018,291165000420,EXCELSIOR SPRINGS HIGH,Geometry,3.0,182.0,60.666666666666664,High Mean Class Size (> 50 students/class)
2017-2018,291165000420,EXCELSIOR SPRINGS HIGH,Algebra II,3.0,176.0,58.666666666666664,High Mean Class Size (> 50 students/class)
2017-2018,201185001918,Insight School of Kansas,Calculus,2.0,2.0,1.0,Very Low Mean Class Size (< 3 students/class)
2017-2018,201185001918,Insight School of Kansas,Physics,6.0,6.0,1.0,Very Low Mean Class Size (< 3 students/class)
2017-2018,291434002287,CRITTENTON TREATMENT CENTER,Geometry,2.0,4.0,2.0,Very Low Mean Class Size (< 3 students/class)
2017-2018,291640000880,EAST HIGH SCHOOL,Physics,8.0,444.0,55.5,High Mean Class Size (> 50 students/class)
2017-2018,200795001433,Washington High,Algebra I,4.0,6.0,1.5,Very Low Mean Class Size (< 3 students/class)
2017-2018,200795001433,Washington High,Geometry,4.0,4.0,1.0,Very Low Mean Class Size (< 3 students/class)
2017-2018,200795002091,Bridges/Wyandot Academy,Algebra I,1.0,2.0,2.0,Very Low Mean Class Size (< 3 students/class)
2017-2018,200795002091,Bridges/Wyandot Academy,Geometry,1.0,2.0,2.0,Very Low Mean Class Size (< 3 students/class)
2017-2018,290002902741,GUADALUPE CENTERS HIGH SCHOOL,Algebra I,19.0,19.0,1.0,Very Low Mean Class Size (< 3 students/class)
2017-2018,290002902741,GUADALUPE CENTERS HIGH SCHOOL,Geometry,24.0,24.0,1.0,Very Low Mean Class Size (< 3 students/class)
2017-2018,290002902741,GUADALUPE CENTERS HIGH SCHOOL,Algebra II,59.0,59.0,1.0,Very Low Mean Class Size (< 3 students/class)
2017-2018,290002902741,GUADALUPE CENTERS HIGH SCHOOL,Advanced Mathematics,10.0,10.0,1.0,Very Low Mean Class Size (< 3 students/class)
2017-2018,290002902741,GUADALUPE CENTERS HIGH SCHOOL,Calculus,5.0,5.0,1.0,Very Low Mean Class Size (< 3 students/class)
2017-2018,290002902741,GUADALUPE CENTERS HIGH SCHOOL,Biology,37.0,37.0,1.0,Very Low Mean Class Size (< 3 students/class)
2017-2018,290002902741,GUADALUPE CENTERS HIGH SCHOOL,Chemistry,30.0,30.0,1.0,Very Low Mean Class Size (< 3 students/class)
2017-2018,290002902741,GUADALUPE CENTERS HIGH SCHOOL,Physics,26.0,26.0,1.0,Very Low Mean Class Size (< 3 students/class)
2017-2018,291368000597,HARDIN-CENTRAL HIGH,Geometry,1.0,2.0,2.0,Very Low Mean Class Size (< 3 students/class)
2017-2018,291368000597,HARDIN-CENTRAL HIGH,Advanced Mathematics,1.0,1.0,1.0,Very Low Mean Class Size (< 3 students/class)
2017-2018,291548000724,WILLIAM CHRISMAN HIGH,Calculus,4.0,6.0,1.5,Very Low Mean Class Size (< 3 students/class)
2017-2018,292607001973,RAYTOWN EDUCATION CTR.,Geometry,2.0,5.0,2.5,Very Low Mean Class Size (< 3 students/class)
2017-2018,200001901753,School for Deaf High,Geometry,1.0,2.0,2.0,Very Low Mean Class Size (< 3 students/class)
2017-2018,200001901753,School for Deaf High,Biology,1.0,2.0,2.0,Very Low Mean Class Size (< 3 students/class)
2020-2021,291854001665,LIBERTY ACADEMY,Biology,1.0,1.0,1.0,Very Low Mean Class Size (< 3 students/class)
2020-2021,291854001665,LIBERTY ACADEMY,Chemistry,1.0,1.0,1.0,Very Low Mean Class Size (< 3 students/class)
2020-2021,291314000948,GRANDVIEW ALTERNATIVE SCH.,Geometry,2.0,4.0,2.0,Very Low Mean Class Size (< 3 students/class)
2020-2021,200897000983,Louisburg High,Calculus,2.0,5.0,2.5,Very Low Mean Class Size (< 3 students/class)
2020-2021,292355002537,RUSSELL JONES ED CENTER,Biology,2.0,5.0,2.5,Very Low Mean Class Size (< 3 students/class)
2020-2021,290462000395,BELTON-OZANAM SOUTHLAND COOP.,Biology,1.0,1.0,1.0,Very Low Mean Class Size (< 3 students/class)
2020-2021,200633000049,Patton Jr High,Algebra I,1.0,2.0,2.0,Very Low Mean Class Size (< 3 students/class)
2020-2021,291640000865,CONTRACT,Algebra I,1.0,1.0,1.0,Very Low Mean Class Size (< 3 students/class)
2020-2021,290059303176,DeLaSalle Charter High School,Geometry,4.0,10.0,2.5,Very Low Mean Class Size (< 3 students/class)
2020-2021,291640003097,SOUTHEAST HIGH SCHOOL,Physics,4.0,207.0,51.75,High Mean Class Size (> 50 students/class)
2020-2021,291314000556,GRANDVIEW SR. HIGH,Algebra I,2.0,2.0,1.0,Very Low Mean Class Size (< 3 students/class)
2020-2021,292322001336,ORRICK HIGH,Advanced Mathematics,2.0,5.0,2.5,Very Low Mean Class Size (< 3 students/class)
2020-2021,292322001336,ORRICK HIGH,Chemistry,2.0,4.0,2.0,Very Low Mean Class Size (< 3 students/class)
2020-2021,291107000379,DREXEL HIGH,Calculus,1.0,1.0,1.0,Very Low Mean Class Size (< 3 students/class)
2020-2021,200564001131,Pleasant Ridge High,Algebra I,51.0,51.0,1.0,Very Low Mean Class Size (< 3 students/class)
2020-2021,200564001131,Pleasant Ridge High,Geometry,34.0,34.0,1.0,Very Low Mean Class Size (< 3 students/class)
2020-2021,200564001131,Pleasant Ridge High,Algebra II,31.0,31.0,1.0,Very Low Mean Class Size (< 3 students/class)
2020-2021,200564001131,Pleasant Ridge High,Advanced Mathematics,6.0,7.0,1.1666666666666667,Very Low Mean Class Size (< 3 students/class)
2020-2021,290001402743,HOGAN PREPARATORY ACADEMY,Algebra I,1.0,64.0,64.0,High Mean Class Size (> 50 students/class)
2020-2021,290001402743,HOGAN PREPARATORY ACADEMY,Chemistry,1.0,77.0,77.0,High Mean Class Size (> 50 students/class)
2020-2021,201185001918,Insight School of Kansas,Algebra I,2.0,205.0,102.5,High Mean Class Size (> 50 students/class)
2020-2021,201185001918,Insight School of Kansas,Geometry,2.0,132.0,66.0,High Mean Class Size (> 50 students/class)
2020-2021,200795002091,Bridges/Wyandot Academy,Algebra I,3.0,3.0,1.0,Very Low Mean Class Size (< 3 students/class)
2020-2021,200795002091,Bridges/Wyandot Academy,Algebra II,1.0,2.0,2.0,Very Low Mean Class Size (< 3 students/class)
2020-2021,200795002091,Bridges/Wyandot Academy,Biology,3.0,4.0,1.3333333333333333,Very Low Mean Class Size (< 3 students/class)
2020-2021,291548000724,WILLIAM CHRISMAN HIGH,Calculus,4.0,6.0,1.5,Very Low Mean Class Size (< 3 students/class)
2020-2021,291640000840,CENTRAL HIGH SCHOOL,Algebra II,5.0,271.0,54.2,High Mean Class Size (> 50 students/class)
2020-2021,291434003370,BURKE ACADEMY,Algebra II,1.0,1.0,1.0,Very Low Mean Class Size (< 3 students/class)
2020-2021,291434003370,BURKE ACADEMY,Chemistry,1.0,2.0,2.0,Very Low Mean Class Size (< 3 students/class)
2021-2022,292607002984,NORTHWOOD SCH.,Algebra I,1.0,1.0,1.0,Very Low Mean Class Size (< 3 students/class)
2021-2022,292607002984,NORTHWOOD SCH.,Biology,1.0,1.0,1.0,Very Low Mean Class Size (< 3 students/class)
2021-2022,291314000948,GRANDVIEW ALTERNATIVE SCH.,Geometry,1.0,2.0,2.0,Very Low Mean Class Size (< 3 students/class)
2021-2022,292355002537,RUSSELL JONES ED CENTER,Chemistry,1.0,1.0,1.0,Very Low Mean Class Size (< 3 students/class)
2021-2022,292607001526,RAYTOWN SOUTH SR. HIGH,Physics,1.0,1.0,1.0,Very Low Mean Class Size (< 3 students/class)
2021-2022,201026002145,Osawatomie Virtual School,Algebra I,1.0,1.0,1.0,Very Low Mean Class Size (< 3 students/class)
2021-2022,201026002145,Osawatomie Virtual School,Algebra II,1.0,1.0,1.0,Very Low Mean Class Size (< 3 students/class)
2021-2022,201026002145,Osawatomie Virtual School,Biology,4.0,9.0,2.25,Very Low Mean Class Size (< 3 students/class)
2021-2022,200795001419,Sumner Academy of Arts & Science,Algebra I,8.0,18.0,2.25,Very Low Mean Class Size (< 3 students/class)
2021-2022,201236000024,Turner High,Calculus,2.0,5.0,2.5,Very Low Mean Class Size (< 3 students/class)
2021-2022,292322001336,ORRICK HIGH,Advanced Mathematics,1.0,1.0,1.0,Very Low Mean Class Size (< 3 students/class)
2021-2022,291107000379,DREXEL HIGH,Algebra I,20.0,20.0,1.0,Very Low Mean Class Size (< 3 students/class)
2021-2022,291107000379,DREXEL HIGH,Geometry,16.0,16.0,1.0,Very Low Mean Class Size (< 3 students/class)
2021-2022,291107000379,DREXEL HIGH,Algebra II,18.0,18.0,1.0,Very Low Mean Class Size (< 3 students/class)
2021-2022,291107000379,DREXEL HIGH,Advanced Mathematics,4.0,4.0,1.0,Very Low Mean Class Size (< 3 students/class)
2021-2022,291107000379,DREXEL HIGH,Calculus,2.0,2.0,1.0,Very Low Mean Class Size (< 3 students/class)
2021-2022,291107000379,DREXEL HIGH,Biology,22.0,22.0,1.0,Very Low Mean Class Size (< 3 students/class)
2021-2022,291107000379,DREXEL HIGH,Chemistry,13.0,13.0,1.0,Very Low Mean Class Size (< 3 students/class)
2021-2022,291107000379,DREXEL HIGH,Physics,4.0,4.0,1.0,Very Low Mean Class Size (< 3 students/class)
2021-2022,291548003096,VAN HORN HIGH,Calculus,4.0,6.0,1.5,Very Low Mean Class Size (< 3 students/class)
2021-2022,200564001131,Pleasant Ridge High,Physics,1.0,2.0,2.0,Very Low Mean Class Size (< 3 students/class)
2021-2022,291032000335,SHERWOOD HIGH,Physics,1.0,1.0,1.0,Very Low Mean Class Size (< 3 students/class)
2021-2022,290000901285,LANGSFORD HOUSE,Algebra I,1.0,2.0,2.0,Very Low Mean Class Size (< 3 students/class)
2021-2022,290000901285,LANGSFORD HOUSE,Geometry,1.0,1.0,1.0,Very Low Mean Class Size (< 3 students/class)
2021-2022,290000901285,LANGSFORD HOUSE,Biology,1.0,1.0,1.0,Very Low Mean Class Size (< 3 students/class)
2021-2022,290000901285,LANGSFORD HOUSE,Physics,1.0,2.0,2.0,Very Low Mean Class Size (< 3 students/class)
2021-2022,201185001918,Insight School of Kansas,Algebra I,1.0,132.0,132.0,High Mean Class Size (> 50 students/class)
2021-2022,201185001918,Insight School of Kansas,Geometry,1.0,106.0,106.0,High Mean Class Size (> 50 students/class)
2021-2022,201185001918,Insight School of Kansas,Calculus,1.0,1.0,1.0,Very Low Mean Class Size (< 3 students/class)
2021-2022,201185001918,Insight School of Kansas,Biology,1.0,104.0,104.0,High Mean Class Size (> 50 students/class)
2021-2022,201185001918,Insight School of Kansas,Physics,1.0,2.0,2.0,Very Low Mean Class Size (< 3 students/class)
2021-2022,200897002153,Louisburg Virtual Program,Biology,1.0,1.0,1.0,Very Low Mean Class Size (< 3 students/class)
2021-2022,293171002220,WEST PLATTE HIGH,Physics,1.0,2.0,2.0,Very Low Mean Class Size (< 3 students/class)
2021-2022,200795002091,Bridges/Wyandot Academy,Algebra II,1.0,2.0,2.0,Very Low Mean Class Size (< 3 students/class)
2021-2022,201236002119,Beyond the Bell,Algebra I,1.0,2.0,2.0,Very Low Mean Class Size (< 3 students/class)
2021-2022,201236002119,Beyond the Bell,Algebra II,1.0,2.0,2.0,Very Low Mean Class Size (< 3 students/class)
2021-2022,201236002119,Beyond the Bell,Biology,1.0,2.0,2.0,Very Low Mean Class Size (< 3 students/class)
2021-2022,291368000597,HARDIN-CENTRAL HIGH,Physics,1.0,1.0,1.0,Very Low Mean Class Size (< 3 students/class)
2021-2022,200795002097,500 Reach,Chemistry,2.0,4.0,2.0,Very Low Mean Class Size (< 3 students/class)
2021-2022,291548000724,WILLIAM CHRISMAN HIGH,Calculus,4.0,10.0,2.5,Very Low Mean Class Size (< 3 students/class)
2021-2022,291830002614,HILLTOP SCHOOL,Chemistry,1.0,1.0,1.0,Very Low Mean Class Size (< 3 students/class)
2021-2022,291830002614,HILLTOP SCHOOL,Physics,1.0,1.0,1.0,Very Low Mean Class Size (< 3 students/class)
2021-2022,200001901753,School for Deaf High,Algebra I,3.0,6.0,2.0,Very Low Mean Class Size (< 3 students/class)
2021-2022,290059003232,FRONTIER STEM HIGH SCHOOL,Advanced Mathematics,2.0,4.0,2.0,Very Low Mean Class Size (< 3 students/class)
2021-2022,290059003232,FRONTIER STEM HIGH SCHOOL,Biology,2.0,114.0,57.0,High Mean Class Size (> 50 students/class)
2021-2022,290059003232,FRONTIER STEM HIGH SCHOOL,Chemistry,1.0,79.0,79.0,High Mean Class Size (> 50 students/class)
2023-2024,291830000983,LEE'S SUMMIT SR. HIGH,Geometry,18.0,43.0,2.388888888888889,Very Low Mean Class Size (< 3 students/class)
2023-2024,291830000983,LEE'S SUMMIT SR. HIGH,Chemistry,23.0,51.0,2.217391304347826,Very Low Mean Class Size (< 3 students/class)
2023-2024,291376000605,HARRISONVILLE HIGH,Calculus,2.0,4.0,2.0,Very Low Mean Class Size (< 3 students/class)
2023-2024,291314000948,GRANDVIEW ALTERNATIVE SCH.,Geometry,2.0,2.0,1.0,Very Low Mean Class Size (< 3 students/class)
2023-2024,292355002537,RUSSELL JONES ED CENTER,Geometry,1.0,1.0,1.0,Very Low Mean Class Size (< 3 students/class)
2023-2024,200633000049,Patton Jr High,Geometry,2.0,4.0,2.0,Very Low Mean Class Size (< 3 students/class)
2023-2024,201026002145,Osawatomie Virtual School,Physics,1.0,2.0,2.0,Very Low Mean Class Size (< 3 students/class)
2023-2024,292301001317,OAK GROVE HIGH,Advanced Mathematics,1.0,2.0,2.0,Very Low Mean Class Size (< 3 students/class)
2023-2024,291640003220,SUCCESS ACADEMY,Biology,1.0,2.0,2.0,Very Low Mean Class Size (< 3 students/class)
2023-2024,291640003220,SUCCESS ACADEMY,Chemistry,2.0,5.0,2.5,Very Low Mean Class Size (< 3 students/class)
2023-2024,200001801751,School for Blind High,Biology,1.0,2.0,2.0,Very Low Mean Class Size (< 3 students/class)
2023-2024,200795001423,J C Harmon High,Algebra I,33.0,79.0,2.393939393939394,Very Low Mean Class Size (< 3 students/class)
2023-2024,292322001336,ORRICK HIGH,Chemistry,1.0,1.0,1.0,Very Low Mean Class Size (< 3 students/class)
2023-2024,291548003096,VAN HORN HIGH,Calculus,2.0,2.0,1.0,Very Low Mean Class Size (< 3 students/class)
2023-2024,291830003408,R-7 Online Academy,Geometry,2.0,4.0,2.0,Very Low Mean Class Size (< 3 students/class)
2023-2024,291830003408,R-7 Online Academy,Algebra II,5.0,8.0,1.6,Very Low Mean Class Size (< 3 students/class)
2023-2024,291830003408,R-7 Online Academy,Biology,2.0,2.0,1.0,Very Low Mean Class Size (< 3 students/class)
2023-2024,290000901285,LANGSFORD HOUSE,Geometry,1.0,1.0,1.0,Very Low Mean Class Size (< 3 students/class)
2023-2024,201185001918,Insight School of Kansas,Algebra I,2.0,148.0,74.0,High Mean Class Size (> 50 students/class)
2023-2024,201185001918,Insight School of Kansas,Biology,1.0,138.0,138.0,High Mean Class Size (> 50 students/class)
2023-2024,200795001433,Washington High,Physics,2.0,362.0,181.0,High Mean Class Size (> 50 students/class)
2023-2024,200795002091,Bridges/Wyandot Academy,Geometry,1.0,1.0,1.0,Very Low Mean Class Size (< 3 students/class)
2023-2024,200795002091,Bridges/Wyandot Academy,Algebra II,1.0,1.0,1.0,Very Low Mean Class Size (< 3 students/class)
2023-2024,291548000722,TRUMAN HIGH,Calculus,6.0,11.0,1.8333333333333333,Very Low Mean Class Size (< 3 students/class)
2023-2024,200795002097,500 Reach,Algebra I,2.0,3.0,1.5,Very Low Mean Class Size (< 3 students/class)
2023-2024,200795002097,500 Reach,Geometry,2.0,5.0,2.5,Very Low Mean Class Size (< 3 students/class)
2023-2024,200795002097,500 Reach,Biology,2.0,2.0,1.0,Very Low Mean Class Size (< 3 students/class)
2023-2024,200795002097,500 Reach,Chemistry,2.0,3.0,1.5,Very Low Mean Class Size (< 3 students/class)
2023-2024,291548000724,WILLIAM CHRISMAN HIGH,Calculus,5.0,7.0,1.4,Very Low Mean Class Size (< 3 students/class)
2023-2024,291830002614,HILLTOP SCHOOL,Algebra I,1.0,1.0,1.0,Very Low Mean Class Size (< 3 students/class)
2023-2024,291830002614,HILLTOP SCHOOL,Biology,6.0,6.0,1.0,Very Low Mean Class Size (< 3 students/class)
2023-2024,200378002160,Basehor-Linwood Virtual School,Algebra II,2.0,3.0,1.5,Very Low Mean Class Size (< 3 students/class)
2023-2024,200378002160,Basehor-Linwood Virtual School,Chemistry,2.0,2.0,1.0,Very Low Mean Class Size (< 3 students/class)
2023-2024,291229000496,FORT OSAGE HIGH,Algebra I,8.0,410.0,51.25,High Mean Class Size (> 50 students/class)
2023-2024,291229000496,FORT OSAGE HIGH,Biology,8.0,429.0,53.625,High Mean Class Size (> 50 students/class)
2023-2024,290000901287,ALTERNATIVE RESOURCE CTR.,Biology,1.0,1.0,1.0,Very Low Mean Class Size (< 3 students/class)
2023-2024,290000901270,NORTHWEST REG. YOUTH CTR.,Geometry,1.0,2.0,2.0,Very Low Mean Class Size (< 3 students/class)
2023-2024,291229002995,LEWIS AND CLARK LEARNING CTR.,Physics,1.0,1.0,1.0,Very Low Mean Class Size (< 3 students/class)
2023-2024,200001901753,School for Deaf High,Geometry,2.0,2.0,1.0,Very Low Mean Class Size (< 3 students/class)
2023-2024,200001901753,School for Deaf High,Algebra II,1.0,1.0,1.0,Very Low Mean Class Size (< 3 students/class)
2023-2024,291434003370,BURKE ACADEMY,Algebra I,3.0,3.0,1.0,Very Low Mean Class Size (< 3 students/class)
2023-2024,291434003370,BURKE ACADEMY,Geometry,4.0,5.0,1.25,Very Low Mean Class Size (< 3 students/class)
2023-2024,291434003370,BURKE ACADEMY,Algebra II,1.0,1.0,1.0,Very Low Mean Class Size (< 3 students/class)
2023-2024,291434003370,BURKE ACADEMY,Biology,6.0,6.0,1.0,Very Low Mean Class Size (< 3 students/class)
2023-2024,292373003434,Raymore-Peculiar Ninth Gr Cntr,Algebra II,1.0,1.0,1.0,Very Low Mean Class Size (< 3 students/class)
2023-2024,290059003232,FRONTIER STEM HIGH SCHOOL,Calculus,1.0,1.0,1.0,Very Low Mean Class Size (< 3 students/class)
