nces_school_id,school_name,district_name,state,locale_group,enrollment,teacher_fte,building_ptr,core_math_classes,core_math_enrolled,core_math_size,adv_math_classes,adv_math_enrolled,adv_math_size,core_sci_classes,core_sci_enrolled,core_sci_size,adv_sci_classes,adv_sci_enrolled,adv_sci_size,naive_roster_5p,core_math_roster_5p,core_sci_roster_5p,adv_math_roster_5p,math_roster_wedge
200001801751,School for Blind High,School for Blind,KS,City,11.0,5.5,2.0,1.0,5.0,5.0,0.0,0.0,,1.0,2.0,2.0,0.0,0.0,,10.0,25.0,10.0,,15.0
200001901753,School for Deaf High,School for Deaf,KS,Suburb,69.0,14.5,4.76,5.0,9.0,1.8,0.0,0.0,,2.0,14.0,7.0,0.0,0.0,,23.799999999999997,9.0,35.0,,-14.799999999999997
200378001186,Basehor-Linwood High School,Basehor-Linwood,KS,Rural,915.0,56.3,16.25,34.0,717.0,21.08823529411765,9.0,123.0,13.666666666666666,34.0,728.0,21.41176470588235,8.0,104.0,13.0,81.25,105.44117647058825,107.05882352941175,68.33333333333333,24.191176470588246
200405000031,Bonner Springs High,Bonner Springs,KS,Suburb,802.0,62.6,12.81,17.0,273.0,16.058823529411764,0.0,0.0,,0.0,0.0,,0.0,0.0,,64.05,80.29411764705883,,,16.24411764705883
200549000127,De Soto  High  School,De Soto,KS,Rural,968.0,66.0,14.67,62.0,650.0,10.483870967741936,14.0,280.0,20.0,39.0,666.0,17.076923076923077,5.0,70.0,14.0,73.35,52.41935483870968,85.38461538461539,100.0,-20.930645161290315
200549001723,Mill Valley High School,De Soto,KS,Suburb,1383.0,82.5,16.76,71.0,993.0,13.985915492957746,14.0,287.0,20.5,50.0,868.0,17.36,12.0,225.0,18.75,83.80000000000001,69.92957746478874,86.8,102.5,-13.870422535211276
200564001131,Pleasant Ridge High,Easton,KS,Rural,171.0,15.2,11.25,8.0,103.0,12.875,1.0,4.0,4.0,6.0,88.0,14.666666666666666,1.0,6.0,6.0,56.25,64.375,73.33333333333333,20.0,8.125
200642000122,Gardner Edgerton High,Gardner Edgerton,KS,Suburb,1766.0,101.5,17.4,58.0,1178.0,20.310344827586206,14.0,258.0,18.428571428571427,49.0,928.0,18.93877551020408,6.0,127.0,21.166666666666668,87.0,101.55172413793103,94.6938775510204,92.14285714285714,14.551724137931032
200795001419,Sumner Academy of Arts & Science,Kansas City,KS,City,1005.0,61.34,16.38,24.0,489.0,20.375,17.0,428.0,25.176470588235293,25.0,585.0,23.4,7.0,113.0,16.142857142857142,81.89999999999999,101.875,117.0,125.88235294117646,19.97500000000001
200795001420,Wyandotte High,Kansas City,KS,City,1841.0,91.61,20.1,110.0,2221.0,20.19090909090909,11.0,130.0,11.818181818181818,60.0,875.0,14.583333333333334,7.0,124.0,17.714285714285715,100.5,100.95454545454545,72.91666666666667,59.09090909090909,0.45454545454545325
200795001423,J C Harmon High,Kansas City,KS,City,1282.0,66.59,19.25,92.0,789.0,8.576086956521738,4.0,38.0,9.5,41.0,603.0,14.707317073170731,4.0,70.0,17.5,96.25,42.88043478260869,73.53658536585365,47.5,-53.36956521739131
200795001425,F L Schlagle High,Kansas City,KS,City,800.0,48.59,16.46,63.0,940.0,14.920634920634921,6.0,29.0,4.833333333333333,26.0,331.0,12.73076923076923,2.0,11.0,5.5,82.30000000000001,74.60317460317461,63.653846153846146,24.166666666666664,-7.696825396825403
200795001433,Washington High,Kansas City,KS,City,1190.0,66.22,17.97,83.0,1349.0,16.253012048192772,3.0,55.0,18.333333333333332,38.0,493.0,12.973684210526315,2.0,362.0,181.0,89.85,81.26506024096386,64.86842105263158,91.66666666666666,-8.584939759036132
200795002094,Alfred Fairfax Academy,Kansas City,KS,City,72.0,8.14,8.85,16.0,106.0,6.625,0.0,0.0,,4.0,16.0,4.0,0.0,0.0,,44.25,33.125,20.0,,-11.125
200795002097,500 Reach,Kansas City,KS,City,188.0,,,6.0,15.0,2.5,0.0,0.0,,4.0,5.0,1.25,0.0,0.0,,,12.5,6.25,,
200834001230,Lansing High 9-12,Lansing,KS,Rural,876.0,46.1,19.0,41.0,580.0,14.146341463414634,7.0,130.0,18.571428571428573,20.0,420.0,21.0,4.0,47.0,11.75,95.0,70.73170731707317,105.0,92.85714285714286,-24.268292682926827
200843001157,Leavenworth Sr High,Leavenworth,KS,Town,1288.0,69.0,18.67,33.0,686.0,20.78787878787879,5.0,100.0,20.0,28.0,619.0,22.107142857142858,4.0,61.0,15.25,93.35000000000001,103.93939393939394,110.53571428571429,100.0,10.58939393939393
200897000983,Louisburg High,Louisburg,KS,Rural,540.0,38.45,14.04,23.0,251.0,10.91304347826087,3.0,13.0,4.333333333333333,24.0,257.0,10.708333333333334,6.0,48.0,8.0,70.19999999999999,54.565217391304344,53.54166666666667,21.666666666666664,-15.634782608695645
200897002153,Louisburg Virtual Program,Louisburg,KS,Rural,24.0,,,0.0,0.0,,0.0,0.0,,0.0,0.0,,0.0,0.0,,,,,,
201014000040,Olathe East Sr High,Olathe,KS,Suburb,1825.0,129.28,14.12,34.0,806.0,23.705882352941178,22.0,457.0,20.772727272727273,29.0,593.0,20.448275862068964,7.0,180.0,25.714285714285715,70.6,118.52941176470588,102.24137931034483,103.86363636363637,47.92941176470589
201014000137,Olathe North Sr High,Olathe,KS,Suburb,2036.0,137.0,14.86,39.0,860.0,22.05128205128205,22.0,546.0,24.818181818181817,39.0,827.0,21.205128205128204,8.0,162.0,20.25,74.3,110.25641025641025,106.02564102564102,124.09090909090908,35.95641025641025
201014001602,Olathe South Sr High,Olathe,KS,Suburb,1843.0,119.82,15.38,32.0,787.0,24.59375,24.0,456.0,19.0,31.0,703.0,22.677419354838708,5.0,109.0,21.8,76.9,122.96875,113.38709677419354,95.0,46.068749999999994
201014001793,Olathe Northwest High School,Olathe,KS,Suburb,1966.0,118.4,16.6,34.0,850.0,25.0,23.0,573.0,24.91304347826087,29.0,619.0,21.344827586206897,13.0,265.0,20.384615384615383,83.0,125.0,106.72413793103448,124.56521739130436,42.0
201014002088,Olathe West High School,Olathe,KS,Suburb,1601.0,106.1,15.09,32.0,757.0,23.65625,20.0,469.0,23.45,25.0,591.0,23.64,10.0,172.0,17.2,75.45,118.28125,118.2,117.25,42.83125
201014002179,Step Up Virtual,Olathe,KS,Suburb,161.0,,,0.0,0.0,,0.0,0.0,,0.0,0.0,,0.0,0.0,,,,,,
201026000774,Osawatomie High,Osawatomie,KS,Rural,280.0,23.25,12.04,13.0,210.0,16.153846153846153,5.0,21.0,4.2,6.0,71.0,11.833333333333334,1.0,7.0,7.0,60.199999999999996,80.76923076923077,59.16666666666667,21.0,20.569230769230778
201026002145,Osawatomie Virtual School,Osawatomie,KS,Rural,15.0,,,3.0,17.0,5.666666666666667,0.0,0.0,,2.0,9.0,4.5,1.0,2.0,2.0,,28.333333333333336,22.5,,
201050000779,Paola High,Paola,KS,Town,589.0,34.0,17.32,16.0,322.0,20.125,1.0,23.0,23.0,6.0,120.0,20.0,1.0,17.0,17.0,86.6,100.625,100.0,115.0,14.025000000000006
201068000026,Piper High,Piper-Kansas City,KS,City,817.0,54.85,14.9,21.0,724.0,34.476190476190474,9.0,197.0,21.88888888888889,27.0,450.0,16.666666666666668,6.0,45.0,7.5,74.5,172.38095238095238,83.33333333333334,109.44444444444444,97.88095238095238
201164001574,Shawnee Mission East High,Shawnee Mission Pub Sch,KS,Suburb,1671.0,95.6,17.48,40.0,994.0,24.85,21.0,520.0,24.761904761904763,36.0,790.0,21.944444444444443,16.0,363.0,22.6875,87.4,124.25,109.72222222222221,123.80952380952381,36.849999999999994
201164001575,Shawnee Mission North High,Shawnee Mission Pub Sch,KS,City,1506.0,106.1,14.19,39.0,977.0,25.05128205128205,9.0,207.0,23.0,33.0,699.0,21.181818181818183,12.0,258.0,21.5,70.95,125.25641025641025,105.90909090909092,115.0,54.306410256410246
201164001576,Shawnee Mission Northwest High,Shawnee Mission Pub Sch,KS,Suburb,1619.0,97.3,16.64,38.0,971.0,25.55263157894737,17.0,401.0,23.58823529411765,33.0,719.0,21.78787878787879,16.0,344.0,21.5,83.2,127.76315789473685,108.93939393939394,117.94117647058825,44.56315789473685
201164001577,Shawnee Mission South High,Shawnee Mission Pub Sch,KS,City,1593.0,97.0,16.42,38.0,945.0,24.86842105263158,17.0,413.0,24.294117647058822,32.0,698.0,21.8125,17.0,361.0,21.235294117647058,82.10000000000001,124.34210526315789,109.0625,121.47058823529412,42.24210526315788
201164001578,Shawnee Mission West High,Shawnee Mission Pub Sch,KS,City,1618.0,98.0,16.51,43.0,1061.0,24.674418604651162,11.0,264.0,24.0,29.0,642.0,22.137931034482758,19.0,406.0,21.36842105263158,82.55000000000001,123.37209302325581,110.6896551724138,120.0,40.8220930232558
201185000118,Spring Hill High School,Spring Hill,KS,Rural,1038.0,67.0,15.49,39.0,703.0,18.025641025641026,5.0,81.0,16.2,20.0,396.0,19.8,2.0,32.0,16.0,77.45,90.12820512820512,99.0,81.0,12.678205128205121
201185001918,Insight School of Kansas,Spring Hill,KS,Town,1133.0,34.7,32.65,6.0,323.0,53.833333333333336,1.0,5.0,5.0,2.0,168.0,84.0,1.0,3.0,3.0,163.25,269.1666666666667,420.0,25.0,105.91666666666669
201200000112,Blue Valley High,Blue Valley,KS,City,1405.0,89.1,15.77,38.0,882.0,23.210526315789473,27.0,440.0,16.296296296296298,51.0,921.0,18.058823529411764,7.0,137.0,19.571428571428573,78.85,116.05263157894737,90.29411764705883,81.4814814814815,37.202631578947376
201200000541,Blue Valley Northwest High,Blue Valley,KS,City,1441.0,91.6,15.73,38.0,906.0,23.842105263157894,27.0,495.0,18.333333333333332,41.0,803.0,19.585365853658537,6.0,148.0,24.666666666666668,78.65,119.21052631578947,97.92682926829269,91.66666666666666,40.56052631578946
201200001533,Blue Valley West High,Blue Valley,KS,City,1558.0,100.1,15.56,39.0,905.0,23.205128205128204,30.0,569.0,18.966666666666665,50.0,1053.0,21.06,8.0,204.0,25.5,77.8,116.02564102564102,105.3,94.83333333333333,38.225641025641025
201200001644,Blue Valley North High,Blue Valley,KS,City,1402.0,88.0,15.93,37.0,825.0,22.2972972972973,29.0,463.0,15.96551724137931,45.0,825.0,18.333333333333332,5.0,117.0,23.4,79.65,111.48648648648648,91.66666666666666,79.82758620689654,31.83648648648648
201200001990,Blue Valley Southwest High School,Blue Valley,KS,City,995.0,69.8,14.26,30.0,587.0,19.566666666666666,16.0,366.0,22.875,29.0,661.0,22.79310344827586,6.0,126.0,21.0,71.3,97.83333333333333,113.9655172413793,114.375,26.53333333333333
201221001205,Tonganoxie High,Tonganoxie,KS,Town,633.0,48.13,13.15,40.0,448.0,11.2,9.0,165.0,18.333333333333332,23.0,296.0,12.869565217391305,1.0,25.0,25.0,65.75,56.0,64.34782608695653,91.66666666666666,-9.75
201236000024,Turner High,Turner-Kansas City,KS,City,1134.0,74.33,15.26,56.0,771.0,13.767857142857142,3.0,53.0,17.666666666666668,26.0,464.0,17.846153846153847,2.0,39.0,19.5,76.3,68.83928571428571,89.23076923076923,88.33333333333334,-7.460714285714289
201236002119,Beyond the Bell,Turner-Kansas City,KS,City,23.0,,,0.0,0.0,,0.0,0.0,,0.0,0.0,,0.0,0.0,,,,,,
290000901270,NORTHWEST REG. YOUTH CTR.,DIVISION OF YOUTH SERVICE,MO,City,25.0,7.0,3.57,2.0,20.0,10.0,0.0,0.0,,1.0,14.0,14.0,0.0,0.0,,17.849999999999998,50.0,70.0,,32.150000000000006
290000901285,LANGSFORD HOUSE,DIVISION OF YOUTH SERVICE,MO,Suburb,13.0,1.5,8.67,2.0,12.0,6.0,0.0,0.0,,1.0,8.0,8.0,0.0,0.0,,43.35,30.0,40.0,,-13.350000000000001
290000901287,ALTERNATIVE RESOURCE CTR.,DIVISION OF YOUTH SERVICE,MO,City,10.0,2.0,5.0,0.0,0.0,,0.0,0.0,,1.0,1.0,1.0,0.0,0.0,,25.0,,5.0,,
290000901289,WATKINS MILL PARK CAMP,DIVISION OF YOUTH SERVICE,MO,Rural,39.0,8.0,4.88,2.0,46.0,23.0,0.0,0.0,,1.0,27.0,27.0,0.0,0.0,,24.4,115.0,135.0,,90.6
290001402743,HOGAN PREPARATORY ACADEMY,HOGAN PREPARATORY ACADEMY,MO,City,324.0,31.5,10.29,13.0,235.0,18.076923076923077,1.0,23.0,23.0,4.0,98.0,24.5,0.0,0.0,,51.449999999999996,90.38461538461539,122.5,115.0,38.93461538461539
290001703394,ACADEMIE LAFAYETTE ARMOUR IHS,ACADEMIE LAFAYETTE,MO,City,107.0,7.25,14.76,12.0,116.0,9.666666666666666,2.0,18.0,9.0,6.0,81.0,13.5,0.0,0.0,,73.8,48.33333333333333,67.5,45.0,-25.46666666666667
290002503233,ALLEN VILLAGE HIGH SCHOOL,ALLEN VILLAGE,MO,City,133.0,10.65,12.49,10.0,89.0,8.9,6.0,28.0,4.666666666666667,6.0,66.0,11.0,2.0,36.0,18.0,62.45,44.5,55.0,23.333333333333336,-17.950000000000003
290002702808,UNIVERSITY ACADEMY-UPPER,UNIVERSITY ACADEMY,MO,City,209.0,17.25,12.12,12.0,137.0,11.416666666666666,6.0,75.0,12.5,6.0,105.0,17.5,0.0,0.0,,60.599999999999994,57.08333333333333,87.5,62.5,-3.5166666666666657
290002902741,GUADALUPE CENTERS HIGH SCHOOL,GUADALUPE CENTERS SCHOOLS,MO,City,464.0,36.0,12.89,22.0,242.0,11.0,2.0,32.0,16.0,20.0,230.0,11.5,12.0,109.0,9.083333333333334,64.45,55.0,57.5,80.0,-9.450000000000003
290003103395,KIPP KC LEGACY HIGH SCHOOL,KIPP: ENDEAVOR ACADEMY,MO,City,286.0,30.1,9.5,10.0,330.0,33.0,5.0,29.0,5.8,7.0,146.0,20.857142857142858,4.0,100.0,25.0,47.5,165.0,104.28571428571429,29.0,117.5
290059003181,FRONTIER SCHL OF EXCELLENCE-U,FRONTIER SCHOOLS,MO,City,168.0,19.6,8.57,7.0,118.0,16.857142857142858,2.0,27.0,13.5,11.0,155.0,14.090909090909092,1.0,8.0,8.0,42.85,84.28571428571429,70.45454545454545,67.5,41.43571428571429
290059003232,FRONTIER STEM HIGH SCHOOL,FRONTIER SCHOOLS,MO,City,353.0,39.0,9.05,13.0,272.0,20.923076923076923,5.0,55.0,11.0,16.0,306.0,19.125,4.0,33.0,8.25,45.25,104.61538461538461,95.625,55.0,59.36538461538461
290059303176,DeLaSalle Charter High School,DELASALLE CHARTER SCHOOL,MO,City,206.0,10.92,18.86,7.0,153.0,21.857142857142858,0.0,0.0,,2.0,28.0,14.0,0.0,0.0,,94.3,109.28571428571429,70.0,,14.985714285714295
290059303436,Kintsugi Academy,DELASALLE CHARTER SCHOOL,MO,City,0.0,,,0.0,0.0,,0.0,0.0,,0.0,0.0,,0.0,0.0,,,,,,
290059703277,EWING MARION KAUFFMAN HIGH,EWING MARION KAUFFMAN SCHOOL,MO,City,399.0,34.5,11.57,9.0,209.0,23.22222222222222,11.0,271.0,24.636363636363637,10.0,265.0,26.5,2.0,58.0,29.0,57.85,116.11111111111111,132.5,123.18181818181819,58.26111111111111
290060303311,CROSSROADS PREPARATORY ACADEMY,CROSSROADS CHARTER SCHOOLS,MO,City,414.0,40.0,10.35,11.0,187.0,17.0,2.0,23.0,11.5,8.0,128.0,16.0,0.0,0.0,,51.75,85.0,80.0,57.5,33.25
290061503437,Kansas City Girls Prep High,KANSAS CITY GIRLS PREP ACADEMY,MO,City,27.0,6.38,4.23,1.0,27.0,27.0,0.0,0.0,,0.0,0.0,,1.0,29.0,29.0,21.150000000000002,135.0,,,113.85
290320000025,ARCHIE HIGH SCHOOL,ARCHIE R-V,MO,Rural,283.0,24.5,11.55,7.0,84.0,12.0,1.0,5.0,5.0,3.0,37.0,12.333333333333334,0.0,0.0,,57.75,60.0,61.66666666666667,25.0,2.25
290462000055,BELTON HIGH,BELTON 124,MO,Suburb,1272.0,88.15,14.43,50.0,943.0,18.86,5.0,92.0,18.4,23.0,613.0,26.652173913043477,1.0,24.0,24.0,72.15,94.3,133.26086956521738,92.0,22.14999999999999
290531000085,BLUE SPRINGS HIGH,BLUE SPRINGS R-IV,MO,Suburb,2396.0,148.85,16.1,80.0,1679.0,20.9875,22.0,486.0,22.09090909090909,75.0,1301.0,17.346666666666668,9.0,160.0,17.77777777777778,80.5,104.9375,86.73333333333333,110.45454545454545,24.4375
290531000170,BLUE SPRINGS SOUTH HIGH,BLUE SPRINGS R-IV,MO,Suburb,2308.0,123.44,18.7,66.0,1563.0,23.681818181818183,21.0,537.0,25.571428571428573,61.0,1275.0,20.901639344262296,9.0,176.0,19.555555555555557,93.5,118.40909090909092,104.50819672131148,127.85714285714286,24.90909090909092
290531000200,VALLEY VIEW HIGH,BLUE SPRINGS R-IV,MO,Suburb,0.0,15.19,,9.0,100.0,11.11111111111111,0.0,0.0,,3.0,40.0,13.333333333333334,0.0,0.0,,,55.55555555555556,66.66666666666667,,
290825000225,CENTER SR. HIGH,CENTER 58,MO,City,695.0,57.44,12.1,25.0,417.0,16.68,0.0,0.0,,24.0,232.0,9.666666666666666,0.0,0.0,,60.5,83.4,48.33333333333333,,22.900000000000006
290825002810,CENTER ALTERNATIVE,CENTER 58,MO,City,0.0,,,0.0,0.0,,0.0,0.0,,0.0,0.0,,0.0,0.0,,,,,,
291032000335,SHERWOOD HIGH,SHERWOOD CASS R-VIII,MO,Rural,238.0,19.68,12.09,17.0,168.0,9.882352941176471,2.0,20.0,10.0,6.0,66.0,11.0,0.0,0.0,,60.45,49.411764705882355,55.0,50.0,-11.038235294117648
291107000379,DREXEL HIGH,DREXEL R-IV,MO,Rural,139.0,15.63,8.89,4.0,56.0,14.0,2.0,12.0,6.0,3.0,44.0,14.666666666666666,1.0,4.0,4.0,44.45,70.0,73.33333333333333,30.0,25.549999999999997
291165000071,EXCELSIOR SPRINGS TECH. HIGH,EXCELSIOR SPRINGS 40,MO,Town,104.0,9.0,11.56,0.0,0.0,,0.0,0.0,,0.0,0.0,,0.0,0.0,,57.800000000000004,,,,
291165000420,EXCELSIOR SPRINGS HIGH,EXCELSIOR SPRINGS 40,MO,Town,744.0,47.37,15.71,24.0,476.0,19.833333333333332,4.0,59.0,14.75,17.0,364.0,21.41176470588235,0.0,0.0,,78.55000000000001,99.16666666666666,107.05882352941175,73.75,20.616666666666646
291229000496,FORT OSAGE HIGH,FORT OSAGE R-I,MO,Rural,1575.0,86.51,18.21,22.0,1039.0,47.22727272727273,6.0,148.0,24.666666666666668,10.0,474.0,47.4,14.0,266.0,19.0,91.05000000000001,236.13636363636363,237.0,123.33333333333334,145.08636363636361
291308000546,GRAIN VALLEY HIGH,GRAIN VALLEY R-V,MO,Suburb,1444.0,86.59,16.68,39.0,991.0,25.41025641025641,14.0,312.0,22.285714285714285,40.0,907.0,22.675,11.0,297.0,27.0,83.4,127.05128205128204,113.375,111.42857142857142,43.65128205128204
291314000556,GRANDVIEW SR. HIGH,GRANDVIEW C-4,MO,Suburb,1168.0,68.73,16.99,35.0,841.0,24.02857142857143,5.0,34.0,6.8,24.0,539.0,22.458333333333332,1.0,17.0,17.0,84.94999999999999,120.14285714285714,112.29166666666666,34.0,35.19285714285715
291368000597,HARDIN-CENTRAL HIGH,HARDIN-CENTRAL C-2,MO,Rural,101.0,11.36,8.89,2.0,38.0,19.0,1.0,3.0,3.0,1.0,15.0,15.0,0.0,0.0,,44.45,95.0,75.0,15.0,50.55
291376000605,HARRISONVILLE HIGH,HARRISONVILLE R-IX,MO,Town,763.0,45.04,16.94,66.0,427.0,6.46969696969697,22.0,75.0,3.409090909090909,36.0,270.0,7.5,0.0,0.0,,84.7,32.34848484848485,37.5,17.045454545454547,-52.35151515151515
291434003156,RUSKIN HIGH SCHOOL,HICKMAN MILLS C-1,MO,City,1240.0,95.79,12.94,45.0,943.0,20.955555555555556,4.0,17.0,4.25,23.0,620.0,26.956521739130434,0.0,0.0,,64.7,104.77777777777777,134.78260869565216,21.25,40.07777777777777
291548000722,TRUMAN HIGH,INDEPENDENCE 30,MO,Suburb,1700.0,87.69,19.39,130.0,1150.0,8.846153846153847,24.0,186.0,7.75,111.0,992.0,8.936936936936936,6.0,22.0,3.6666666666666665,96.95,44.23076923076923,44.68468468468468,38.75,-52.71923076923077
291548000724,WILLIAM CHRISMAN HIGH,INDEPENDENCE 30,MO,Suburb,1441.0,83.63,17.23,115.0,1102.0,9.582608695652175,24.0,161.0,6.708333333333333,100.0,992.0,9.92,7.0,35.0,5.0,86.15,47.913043478260875,49.6,33.541666666666664,-38.23695652173913
291548003096,VAN HORN HIGH,INDEPENDENCE 30,MO,Suburb,1113.0,61.31,18.15,97.0,906.0,9.34020618556701,14.0,84.0,6.0,90.0,847.0,9.411111111111111,6.0,21.0,3.5,90.75,46.701030927835056,47.05555555555556,30.0,-44.048969072164944
291640000840,CENTRAL HIGH SCHOOL,KANSAS CITY 33,MO,City,534.0,41.68,12.81,26.0,424.0,16.307692307692307,2.0,26.0,13.0,12.0,245.0,20.416666666666668,6.0,138.0,23.0,64.05,81.53846153846153,102.08333333333334,65.0,17.488461538461536
291640000844,LINCOLN COLLEGE PREP.,KANSAS CITY 33,MO,City,958.0,55.55,17.25,21.0,619.0,29.476190476190474,16.0,236.0,14.75,31.0,768.0,24.774193548387096,0.0,0.0,,86.25,147.38095238095238,123.87096774193549,73.75,61.13095238095238
291640000860,NORTHEAST HIGH,KANSAS CITY 33,MO,City,697.0,41.97,16.61,23.0,477.0,20.73913043478261,2.0,19.0,9.5,15.0,345.0,23.0,6.0,165.0,27.5,83.05,103.69565217391305,115.0,47.5,20.64565217391305
291640000862,PASEO ACAD. OF PERFORMING ARTS,KANSAS CITY 33,MO,City,677.0,59.81,11.32,15.0,289.0,19.266666666666666,5.0,45.0,9.0,10.0,198.0,19.8,6.0,108.0,18.0,56.6,96.33333333333333,99.0,45.0,39.73333333333333
291640000880,EAST HIGH SCHOOL,KANSAS CITY 33,MO,City,1066.0,76.94,13.85,46.0,787.0,17.108695652173914,2.0,20.0,10.0,37.0,564.0,15.243243243243244,15.0,299.0,19.933333333333334,69.25,85.54347826086956,76.21621621621622,50.0,16.293478260869563
291640003097,SOUTHEAST HIGH SCHOOL,KANSAS CITY 33,MO,City,531.0,33.47,15.86,20.0,356.0,17.8,1.0,4.0,4.0,13.0,271.0,20.846153846153847,5.0,126.0,25.2,79.3,89.0,104.23076923076923,20.0,9.700000000000003
291645000894,KEARNEY HIGH,KEARNEY R-I,MO,Town,804.0,57.74,13.92,21.0,438.0,20.857142857142858,4.0,26.0,6.5,26.0,383.0,14.73076923076923,2.0,23.0,11.5,69.6,104.28571428571429,73.65384615384615,32.5,34.6857142857143
291645002531,KEARNEY JR. HIGH,KEARNEY R-I,MO,Town,534.0,36.59,14.59,15.0,260.0,17.333333333333332,0.0,0.0,,0.0,0.0,,0.0,0.0,,72.95,86.66666666666666,,,13.716666666666654
291822000962,LAWSON HIGH,LAWSON R-XIV,MO,Rural,369.0,24.5,15.06,15.0,286.0,19.066666666666666,2.0,52.0,26.0,5.0,103.0,20.6,1.0,6.0,6.0,75.3,95.33333333333333,103.0,130.0,20.03333333333333
291830000983,LEE'S SUMMIT SR. HIGH,LEE'S SUMMIT R-VII,MO,Suburb,1960.0,139.47,14.05,67.0,838.0,12.507462686567164,20.0,279.0,13.95,69.0,295.0,4.27536231884058,15.0,84.0,5.6,70.25,62.53731343283582,21.3768115942029,69.75,-7.712686567164177
291830001481,LEE'S SUMMIT NORTH HIGH,LEE'S SUMMIT R-VII,MO,Suburb,1998.0,121.64,16.43,69.0,1255.0,18.18840579710145,16.0,319.0,19.9375,64.0,1188.0,18.5625,20.0,199.0,9.95,82.15,90.94202898550725,92.8125,99.6875,8.792028985507244
291830002614,HILLTOP SCHOOL,LEE'S SUMMIT R-VII,MO,Suburb,28.0,4.0,7.0,1.0,1.0,1.0,0.0,0.0,,6.0,6.0,1.0,0.0,0.0,,35.0,5.0,5.0,,-30.0
291830002795,LEE'S SUMMIT WEST HIGH,LEE'S SUMMIT R-VII,MO,Rural,1976.0,120.96,16.34,62.0,1255.0,20.241935483870968,24.0,317.0,13.208333333333334,81.0,1188.0,14.666666666666666,16.0,199.0,12.4375,81.7,101.20967741935485,73.33333333333333,66.04166666666667,19.509677419354844
291854001011,LIBERTY HIGH,LIBERTY 53,MO,Suburb,1908.0,123.74,15.42,53.0,1079.0,20.358490566037737,20.0,347.0,17.35,51.0,1082.0,21.215686274509803,5.0,54.0,10.8,77.1,101.7924528301887,106.07843137254902,86.75,24.6924528301887
291854001665,LIBERTY ACADEMY,LIBERTY 53,MO,Suburb,0.0,,,0.0,0.0,,0.0,0.0,,0.0,0.0,,0.0,0.0,,,,,,
291854002658,JUVENILE JUSTICE CTR.,LIBERTY 53,MO,Suburb,0.0,,,0.0,0.0,,0.0,0.0,,0.0,0.0,,0.0,0.0,,,,,,
291854003148,LIBERTY NORTH HIGH SCHOOL,LIBERTY 53,MO,Rural,2330.0,128.58,18.12,53.0,1244.0,23.471698113207548,14.0,248.0,17.714285714285715,57.0,1223.0,21.45614035087719,4.0,54.0,13.5,90.60000000000001,117.35849056603774,107.28070175438596,88.57142857142858,26.758490566037736
291923001040,LONE JACK HIGH,LONE JACK C-6,MO,Rural,399.0,30.13,13.24,15.0,157.0,10.466666666666667,1.0,6.0,6.0,9.0,93.0,10.333333333333334,2.0,6.0,3.0,66.2,52.333333333333336,51.66666666666667,30.0,-13.866666666666667
292280001284,NORTH KANSAS CITY HIGH,NORTH KANSAS CITY 74,MO,Suburb,1690.0,103.53,16.32,53.0,1068.0,20.150943396226417,17.0,236.0,13.882352941176471,55.0,974.0,17.70909090909091,5.0,71.0,14.2,81.6,100.75471698113208,88.54545454545456,69.41176470588235,19.154716981132083
292280001286,OAK PARK HIGH,NORTH KANSAS CITY 74,MO,City,1744.0,99.07,17.6,56.0,1179.0,21.053571428571427,22.0,193.0,8.772727272727273,48.0,914.0,19.041666666666668,8.0,97.0,12.125,88.0,105.26785714285714,95.20833333333334,43.86363636363637,17.26785714285714
292280001293,WINNETONKA HIGH,NORTH KANSAS CITY 74,MO,City,1254.0,87.97,14.25,50.0,875.0,17.5,11.0,123.0,11.181818181818182,40.0,622.0,15.55,5.0,62.0,12.4,71.25,87.5,77.75,55.90909090909091,16.25
292280003083,STALEY HIGH,NORTH KANSAS CITY 74,MO,City,2006.0,99.73,20.11,60.0,1301.0,21.683333333333334,22.0,279.0,12.681818181818182,49.0,1106.0,22.571428571428573,6.0,105.0,17.5,100.55,108.41666666666667,112.85714285714286,63.40909090909091,7.866666666666674
292283001297,NORTH PLATTE HIGH,NORTH PLATTE CO. R-I,MO,Rural,199.0,17.1,11.64,6.0,95.0,15.833333333333334,2.0,35.0,17.5,7.0,124.0,17.714285714285715,4.0,48.0,12.0,58.2,79.16666666666667,88.57142857142858,87.5,20.96666666666667
292301001317,OAK GROVE HIGH,OAK GROVE R-VI,MO,Suburb,569.0,38.13,14.92,18.0,306.0,17.0,1.0,2.0,2.0,12.0,168.0,14.0,1.0,3.0,3.0,74.6,85.0,70.0,10.0,10.400000000000006
292322001336,ORRICK HIGH,ORRICK R-XI,MO,Rural,122.0,14.57,8.37,5.0,52.0,10.4,1.0,4.0,4.0,3.0,18.0,6.0,0.0,0.0,,41.849999999999994,52.0,30.0,20.0,10.150000000000006
292355001371,PARK HILL HIGH,PARK HILL,MO,City,1936.0,109.69,17.65,40.0,927.0,23.175,13.0,294.0,22.615384615384617,23.0,590.0,25.652173913043477,3.0,51.0,17.0,88.25,115.875,128.26086956521738,113.07692307692308,27.625
292355002413,PARK HILL SOUTH HIGH,PARK HILL,MO,Suburb,1869.0,107.57,17.37,39.0,850.0,21.794871794871796,13.0,305.0,23.46153846153846,22.0,470.0,21.363636363636363,4.0,73.0,18.25,86.85000000000001,108.97435897435898,106.81818181818181,117.30769230769229,22.12435897435897
292355003313,LEAD INNOVATION STUDIO,PARK HILL,MO,City,0.0,43.48,,18.0,302.0,16.77777777777778,8.0,122.0,15.25,8.0,173.0,21.625,1.0,13.0,13.0,,83.88888888888889,108.125,76.25,
292373001424,RAYMORE-PECULIAR SR. HIGH,RAYMORE-PECULIAR R-II,MO,Town,1560.0,98.11,15.9,39.0,810.0,20.76923076923077,10.0,159.0,15.9,68.0,499.0,7.338235294117647,7.0,21.0,3.0,79.5,103.84615384615385,36.69117647058823,79.5,24.346153846153854
292373003434,Raymore-Peculiar Ninth Gr Cntr,RAYMORE-PECULIAR R-II,MO,Rural,486.0,28.09,17.3,16.0,318.0,19.875,0.0,0.0,,0.0,0.0,,0.0,0.0,,86.5,99.375,,,12.875
292523001456,PLATTE COUNTY HIGH,PLATTE CO. R-III,MO,Town,1336.0,76.93,17.37,34.0,656.0,19.294117647058822,28.0,348.0,12.428571428571429,27.0,528.0,19.555555555555557,4.0,76.0,19.0,86.85000000000001,96.47058823529412,97.77777777777779,62.142857142857146,9.620588235294107
292523002298,NORTHLAND CAREER CTR.,PLATTE CO. R-III,MO,Town,0.0,12.7,,0.0,0.0,,0.0,0.0,,0.0,0.0,,0.0,0.0,,,,,,
292533001461,PLEASANT HILL HIGH,PLEASANT HILL R-III,MO,Town,720.0,45.68,15.76,24.0,481.0,20.041666666666668,12.0,135.0,11.25,17.0,288.0,16.941176470588236,1.0,3.0,3.0,78.8,100.20833333333334,84.70588235294117,56.25,21.408333333333346
292607001525,RAYTOWN SR. HIGH,RAYTOWN C-2,MO,Suburb,1342.0,81.05,16.56,37.0,746.0,20.16216216216216,10.0,231.0,23.1,37.0,622.0,16.81081081081081,0.0,0.0,,82.8,100.8108108108108,84.05405405405405,115.5,18.01081081081081
292607001526,RAYTOWN SOUTH SR. HIGH,RAYTOWN C-2,MO,Suburb,1179.0,63.84,18.47,38.0,720.0,18.94736842105263,10.0,214.0,21.4,27.0,519.0,19.22222222222222,0.0,0.0,,92.35,94.73684210526315,96.11111111111111,107.0,2.386842105263156
292648001554,RICHMOND HIGH,RICHMOND R-XVI,MO,Town,458.0,32.63,14.04,16.0,249.0,15.5625,2.0,50.0,25.0,8.0,145.0,18.125,1.0,4.0,4.0,70.19999999999999,77.8125,90.625,125.0,7.612500000000011
292841001754,Smithville High,SMITHVILLE R-II,MO,Town,884.0,54.46,16.23,30.0,569.0,18.966666666666665,13.0,244.0,18.76923076923077,28.0,507.0,18.107142857142858,13.0,213.0,16.384615384615383,81.15,94.83333333333333,90.53571428571429,93.84615384615385,13.683333333333323
293171002220,WEST PLATTE HIGH,WEST PLATTE CO. R-II,MO,Rural,218.0,19.56,11.15,11.0,141.0,12.818181818181818,4.0,27.0,6.75,11.0,111.0,10.090909090909092,1.0,5.0,5.0,55.75,64.0909090909091,50.45454545454546,33.75,8.340909090909093
293180002224,MIDWAY HIGH,MIDWAY R-I,MO,Rural,204.0,19.08,10.69,6.0,69.0,11.5,0.0,0.0,,3.0,33.0,11.0,1.0,6.0,6.0,53.449999999999996,57.5,55.0,,4.050000000000004
