school_year,enrollment_k12,teachers_k12_fte,paraprofessionals_fte,instructional_coordinators_fte,counselors_fte,psychologists_fte,student_support_staff_fte,school_administrators_fte,lea_administrators_fte,total_staff_fte,geo_scope,students_per_teacher_k12,students_per_teacher_para_k12,teachers_k12_per_1000,paraprofessionals_per_1000,instructional_coordinators_per_1000,counselors_per_1000,total_administrators_fte,administrators_per_1000,para_to_teacher_ratio
2014-2015,321228,21633.260000000002,4774.11,536.61,764.37,0.0,2310.59,1112.68,186.95,41956.94,All Fully Regional LEAs (77),14.85,12.16,67.35,14.86,1.67,2.38,1299.63,4.05,0.221
2015-2016,323844,19458.42,4038.03,538.19,674.63,0.0,1942.57,1010.99,190.19,38002.21,All Fully Regional LEAs (77),16.64,13.78,60.09,12.47,1.66,2.08,1201.18,3.71,0.208
2016-2017,325274,22065.54,4856.21,561.48,747.7,0.0,0.0,1118.27,198.97,41032.52,All Fully Regional LEAs (77),14.74,12.08,67.84,14.93,1.73,2.3,1317.24,4.05,0.22
2017-2018,327585,22670.66,4886.68,583.39,772.8,0.0,0.0,1130.37,209.91,41191.28,All Fully Regional LEAs (77),14.45,11.89,69.21,14.92,1.78,2.36,1340.28,4.09,0.216
2018-2019,328578,22828.39,5147.01,554.8,812.04,0.0,0.0,1225.48,204.02,42583.72,All Fully Regional LEAs (77),14.39,11.75,69.48,15.66,1.69,2.47,1429.5,4.35,0.225
2019-2020,329357,23136.48,5273.11,643.83,791.55,209.8,2347.64,1271.85,210.75,45842.01,All Fully Regional LEAs (77),14.24,11.59,70.25,16.01,1.95,2.4,1482.6,4.5,0.228
2020-2021,321732,23310.69,4871.59,684.76,802.85,214.38,2488.54,1291.41,216.78,47082.89,All Fully Regional LEAs (77),13.8,11.42,72.45,15.14,2.13,2.5,1508.19,4.69,0.209
2021-2022,320165,23508.760000000002,4774.43,685.08,823.98,194.37,2724.61,1220.66,207.62,45357.05,All Fully Regional LEAs (77),13.62,11.32,73.43,14.91,2.14,2.57,1428.2800000000002,4.46,0.203
2022-2023,321595,23886.08,4933.75,720.05,908.6,222.78,2765.33,1358.04,218.21,46000.06,All Fully Regional LEAs (77),13.46,11.16,74.27,15.34,2.24,2.83,1576.25,4.9,0.207
2023-2024,319559,23620.079999999998,5225.16,806.1,938.77,228.75,2731.81,1393.26,222.85,47653.32,All Fully Regional LEAs (77),13.53,11.08,73.91,16.35,2.52,2.94,1616.11,5.06,0.221
2024-2025,318883,23555.17,5340.02,803.5,908.99,231.05,2666.04,1177.21,204.99,46924.020000000004,All Fully Regional LEAs (77),13.54,11.04,73.87,16.75,2.52,2.85,1382.2,4.33,0.227
2014-2015,180423,12171.86,2182.51,278.11,469.87,0.0,1030.39,629.1800000000001,122.75,24103.74,Missouri Fully Regional LEAs (56),14.82,12.57,67.46,12.1,1.54,2.6,751.9300000000001,4.17,0.179
2015-2016,181900,12290.42,2240.13,291.59,468.33,0.0,1038.57,650.49,127.39,24651.31,Missouri Fully Regional LEAs (56),14.8,12.52,67.57,12.32,1.6,2.57,777.88,4.28,0.182
2016-2017,183086,12441.24,2299.41,283.73,464.4,0.0,0.0,663.67,135.37,23665.97,Missouri Fully Regional LEAs (56),14.72,12.42,67.95,12.56,1.55,2.54,799.04,4.36,0.185
2017-2018,183816,12706.28,2444.88,289.64,476.1,0.0,0.0,665.57,144.31,23586.95,Missouri Fully Regional LEAs (56),14.47,12.13,69.12,13.3,1.58,2.59,809.8800000000001,4.41,0.192
2018-2019,184491,12775.61,2308.41,269.66,487.34,0.0,0.0,691.13,138.62,23982.35,Missouri Fully Regional LEAs (56),14.44,12.23,69.25,12.51,1.46,2.64,829.75,4.5,0.181
2019-2020,184382,12899.81,2344.31,302.54,449.95,69.4,1093.54,731.15,137.15,25532.35,Missouri Fully Regional LEAs (56),14.29,12.1,69.96,12.71,1.64,2.44,868.3,4.71,0.182
2020-2021,180743,13003.52,2166.39,329.88,448.55,76.28,1153.34,738.68,143.28,26897.41,Missouri Fully Regional LEAs (56),13.9,11.91,71.94,11.99,1.83,2.48,881.9599999999999,4.88,0.167
2021-2022,179330,12990.01,2128.43,286.78,463.98,56.47,1129.61,673.66,137.32,24888.8,Missouri Fully Regional LEAs (56),13.81,11.86,72.44,11.87,1.6,2.59,810.98,4.52,0.164
2022-2023,180389,13296.4,2262.25,315.23,539.25,95.48,1300.03,772.89,143.91,25603.36,Missouri Fully Regional LEAs (56),13.57,11.59,73.71,12.54,1.75,2.99,916.8,5.08,0.17
2023-2024,180015,13322.380000000001,2326.06,343.82,549.62,93.85,1279.61,781.66,145.85,26972.15,Missouri Fully Regional LEAs (56),13.51,11.5,74.01,12.92,1.91,3.05,927.51,5.15,0.175
2024-2025,179402,13350.66,2440.92,347.62,549.54,94.37,1213.84,790.53,152.59,26656.04,Missouri Fully Regional LEAs (56),13.44,11.36,74.42,13.61,1.94,3.06,943.12,5.26,0.183
2014-2015,140805,9461.4,2591.6,258.5,294.5,0.0,1280.2,483.5,64.2,17853.2,Kansas Fully Regional LEAs (21),14.88,11.68,67.2,18.41,1.84,2.09,547.7,3.89,0.274
2015-2016,141944,7168.0,1797.9,246.6,206.3,0.0,904.0,360.5,62.8,13350.9,Kansas Fully Regional LEAs (21),19.8,15.83,50.5,12.67,1.74,1.45,423.3,2.98,0.251
2016-2017,142188,9624.3,2556.8,277.75,283.3,0.0,0.0,454.6,63.6,17366.55,Kansas Fully Regional LEAs (21),14.77,11.67,67.69,17.98,1.95,1.99,518.2,3.64,0.266
2017-2018,143769,9964.380000000001,2441.8,293.75,296.7,0.0,0.0,464.79999999999995,65.6,17604.33,Kansas Fully Regional LEAs (21),14.43,11.59,69.31,16.98,2.04,2.06,530.4,3.69,0.245
2018-2019,144087,10052.78,2838.6,285.14,324.7,0.0,0.0,534.35,65.4,18601.37,Kansas Fully Regional LEAs (21),14.33,11.18,69.77,19.7,1.98,2.25,599.75,4.16,0.282
2019-2020,144975,10236.67,2928.8,341.29,341.6,140.4,1254.1000000000001,540.7,73.6,20309.66,Kansas Fully Regional LEAs (21),14.16,11.01,70.61,20.2,2.35,2.36,614.3000000000001,4.24,0.286
2020-2021,140989,10307.17,2705.2,354.88,354.3,138.1,1335.2,552.73,73.5,20185.48,Kansas Fully Regional LEAs (21),13.68,10.83,73.11,19.19,2.52,2.51,626.23,4.44,0.262
2021-2022,140835,10518.75,2646.0,398.3,360.0,137.9,1595.0,547.0,70.3,20468.25,Kansas Fully Regional LEAs (21),13.39,10.7,74.69,18.79,2.83,2.56,617.3,4.38,0.252
2022-2023,141206,10589.68,2671.5,404.82,369.35,127.3,1465.3000000000002,585.15,74.3,20396.7,Kansas Fully Regional LEAs (21),13.33,10.65,74.99,18.92,2.87,2.62,659.4499999999999,4.67,0.252
2023-2024,139544,10297.699999999999,2899.1,462.28,389.15,134.9,1452.2,611.6,77.0,20681.17,Kansas Fully Regional LEAs (21),13.55,10.57,73.8,20.78,3.31,2.79,688.6,4.93,0.282
2024-2025,139481,10204.51,2899.1,455.88,359.45,136.68,1452.2,386.68,52.4,20267.98,Kansas Fully Regional LEAs (21),13.67,10.64,73.16,20.78,3.27,2.58,439.08,3.15,0.284
