model_id,model_family,dependent_variable,sample_description,n_observations,n_groups,coefficient_name,coefficient_value,std_error,t_or_z_stat,p_value,ci_95_lower,ci_95_upper,r_squared,implied_10yr_change,methodological_caveat
M01,Descriptive_Aggregate_OLS,Metro_LEA_PTR_K12,Annual aggregate series (10 valid years),10,10,year_trend_slope,-0.1599,0.016,-9.983,1e-05,-0.1968,-0.1229,0.9257,-1.6,Descriptive linear summary of aggregate series; not causal. Emphasizes observed slope over p-value. Excludes 2015-16 due to federal data suppression.
M02,Descriptive_Aggregate_OLS,Metro_LEA_Combined_Ratio,Annual aggregate series (10 valid years),10,10,year_trend_slope,-0.1272,0.0063,-20.154,0.0,-0.1418,-0.1127,0.9807,-1.27,Descriptive linear summary of aggregate series; not causal. Emphasizes observed slope over p-value. Excludes 2015-16 due to federal data suppression.
M03,Descriptive_Aggregate_OLS,Metro_LEA_Teachers_Per_1000,Annual aggregate series (10 valid years),10,10,year_trend_slope,0.8028,0.0817,9.826,1e-05,0.6144,0.9912,0.9235,8.03,Descriptive linear summary of aggregate series; not causal. Emphasizes observed slope over p-value. Excludes 2015-16 due to federal data suppression.
M04,Descriptive_Aggregate_OLS,Metro_LEA_Paras_Per_1000,Annual aggregate series (10 valid years),10,10,year_trend_slope,0.1469,0.0538,2.732,0.02578,0.0229,0.271,0.4826,1.47,Descriptive linear summary of aggregate series; not causal. Emphasizes observed slope over p-value. Excludes 2015-16 due to federal data suppression.
M05,Descriptive_Aggregate_OLS,State_KS_LEA_PTR_K12,Annual aggregate series (10 valid years),10,10,year_trend_slope,-0.1623,0.0258,-6.296,0.00023,-0.2217,-0.1029,0.8321,-1.62,Descriptive linear summary of aggregate series; not causal. Emphasizes observed slope over p-value. Excludes 2015-16 due to federal data suppression.
M06,Descriptive_Aggregate_OLS,State_MO_LEA_PTR_K12,Annual aggregate series (11 valid years),11,11,year_trend_slope,-0.1581,0.0094,-16.867,0.0,-0.1793,-0.1369,0.9693,-1.58,Descriptive linear summary of aggregate series; not causal. Emphasizes observed slope over p-value.
M07,Descriptive_Aggregate_OLS,Metro_School_Weighted_PTR,Annual aggregate series (10 valid years),10,10,year_trend_slope,-0.1543,0.0095,-16.255,0.0,-0.1762,-0.1324,0.9706,-1.54,Descriptive linear summary of aggregate series; not causal. Emphasizes observed slope over p-value. Excludes 2015-16 due to federal data suppression.
M08,Descriptive_Aggregate_OLS,Metro_School_Median_PTR,Annual aggregate series (10 valid years),10,10,year_trend_slope,-0.1874,0.0135,-13.897,0.0,-0.2185,-0.1563,0.9602,-1.87,Descriptive linear summary of aggregate series; not causal. Emphasizes observed slope over p-value. Excludes 2015-16 due to federal data suppression.
M09,School_Fixed_Effects_Panel,students_per_classroom_teacher_fte_allgrades,Balanced Panel: All Regular Operating Schools (Within-School Estimator),6182,572,year_trend (beta),-0.175,0.0098,-17.829,0.0,-0.1942,-0.1558,0.1136,-1.75,School fixed effects absorb time-invariant school traits; SE clustered by school. Estimates average within-school staffing trajectory.
M10,School_Fixed_Effects_Panel,students_per_classroom_teacher_fte_allgrades,Balanced Panel Sensitivity: Excluding Schools with Any Grade-Span Change,3922,366,year_trend (beta),-0.1634,0.012,-13.595,0.0,-0.187,-0.1399,0.1295,-1.63,Filters out schools with structural grade reconfiguration; confirms within-school trajectory is not driven by grade changes.
M11,Interaction_Fixed_Effects,students_per_classroom_teacher_fte_allgrades,Balanced Panel Locale Interaction: City (Fixed 2024-25 Classification),6182,572,year_x_City,-0.1899,0.0199,-9.546,0.0,-0.2289,-0.1509,0.1161,-1.9,Within-school slope for City schools classified under fixed 2024-25 geography.
M12,Interaction_Fixed_Effects,students_per_classroom_teacher_fte_allgrades,Balanced Panel Locale Interaction: Suburb (Fixed 2024-25 Classification),6182,572,year_x_Suburb,-0.1873,0.0117,-16.053,0.0,-0.2102,-0.1644,0.1161,-1.87,Within-school slope for Suburb schools classified under fixed 2024-25 geography.
M13,Interaction_Fixed_Effects,students_per_classroom_teacher_fte_allgrades,Balanced Panel Locale Interaction: Town (Fixed 2024-25 Classification),6182,572,year_x_Town,-0.1582,0.0282,-5.611,0.0,-0.2134,-0.1029,0.1161,-1.58,Within-school slope for Town schools classified under fixed 2024-25 geography.
M14,Interaction_Fixed_Effects,students_per_classroom_teacher_fte_allgrades,Balanced Panel Locale Interaction: Rural (Fixed 2024-25 Classification),6182,572,year_x_Rural,-0.1179,0.0211,-5.594,0.0,-0.1592,-0.0766,0.1161,-1.18,Within-school slope for Rural schools classified under fixed 2024-25 geography.
M15,Interaction_Fixed_Effects,students_per_classroom_teacher_fte_allgrades,Balanced Panel State Interaction: MO,6182,572,year_x_MO,-0.1745,0.0119,-14.632,0.0,-0.1979,-0.1511,0.1137,-1.75,Within-school slope for MO schools.
M16,Interaction_Fixed_Effects,students_per_classroom_teacher_fte_allgrades,Balanced Panel State Interaction: KS,6182,572,year_x_KS,-0.1757,0.0166,-10.57,0.0,-0.2083,-0.1431,0.1137,-1.76,Within-school slope for KS schools.
M17,Interaction_Fixed_Effects,students_per_classroom_teacher_fte_allgrades,Balanced Panel Grade Band Interaction: Primary (Official NCES school_level),6182,572,year_x_Primary,-0.2152,0.0126,-17.142,0.0,-0.2398,-0.1906,0.1273,-2.15,Within-school slope for Primary schools classified by official NCES school_level.
M18,Interaction_Fixed_Effects,students_per_classroom_teacher_fte_allgrades,Balanced Panel Grade Band Interaction: Middle (Official NCES school_level),6182,572,year_x_Middle,-0.1422,0.0171,-8.337,0.0,-0.1756,-0.1088,0.1273,-1.42,Within-school slope for Middle schools classified by official NCES school_level.
M19,Interaction_Fixed_Effects,students_per_classroom_teacher_fte_allgrades,Balanced Panel Grade Band Interaction: High (Official NCES school_level),6182,572,year_x_High,-0.0531,0.0218,-2.43,0.0151,-0.0959,-0.0103,0.1273,-0.53,Within-school slope for High schools classified by official NCES school_level.
