school_year,nces_school_id,school_name,district_name,state,enrollment,building_ptr,core_math_size,adv_math_size,core_sci_size,core_math_roster,naive_roster,roster_wedge
2013-2014,200001801751,SCHOOL FOR BLIND HIGH,SCHOOL FOR BLIND,KS,31.0,3.44,,,2.6666666666666665,,17.2,
2013-2014,200001901753,SCHOOL FOR DEAF HIGH,SCHOOL FOR DEAF,KS,49.0,3.5,6.5,,2.375,32.5,17.5,15.0
2013-2014,200002501855,KS. STATE PENITENTIARY (LANSING),KS. STATE PENITENTIARY,KS,0.0,,140.5,,70.0,702.5,,
2013-2014,200378001186,BASEHOR-LINWOOD HIGH SCHOOL,BASEHOR-LINWOOD,KS,848.0,19.72,45.733333333333334,8.75,14.055555555555555,228.66666666666669,98.6,130.0666666666667
2013-2014,200405000031,BONNER SPRINGS HIGH,BONNER SPRINGS,KS,721.0,13.11,14.657142857142857,12.0,8.61111111111111,73.28571428571428,65.55,7.73571428571428
2013-2014,200549000127,DE SOTO  HIGH  SCHOOL,DE SOTO,KS,689.0,13.0,26.066666666666666,21.416666666666668,16.208333333333332,130.33333333333334,65.0,65.33333333333334
2013-2014,200549001723,MILL VALLEY HIGH SCHOOL,DE SOTO,KS,1302.0,15.88,25.6,22.842105263157894,23.225,128.0,79.4,48.599999999999994
2013-2014,200564001131,PLEASANT RIDGE HIGH,EASTON,KS,236.0,11.8,22.5,12.0,12.375,112.5,59.0,53.5
2013-2014,200642000122,GARDNER EDGERTON HIGH,GARDNER EDGERTON,KS,1416.0,17.06,39.51851851851852,27.90909090909091,22.88888888888889,197.5925925925926,85.3,112.29259259259261
2013-2014,200795001419,SUMNER ACADEMY OF ARTS & SCIENCE,KANSAS CITY,KS,836.0,14.67,24.294117647058822,17.1,27.333333333333332,121.47058823529412,73.35,48.12058823529412
2013-2014,200795001420,WYANDOTTE HIGH,KANSAS CITY,KS,1460.0,15.37,38.266666666666666,16.0,30.0,191.33333333333331,76.85,114.48333333333332
2013-2014,200795001423,J C HARMON HIGH,KANSAS CITY,KS,1261.0,16.59,39.27272727272727,23.666666666666668,29.0,196.36363636363637,82.95,113.41363636363637
2013-2014,200795001425,F L SCHLAGLE HIGH,KANSAS CITY,KS,816.0,14.07,38.76923076923077,16.0,24.0,193.84615384615384,70.35,123.49615384615385
2013-2014,200795001433,WASHINGTON HIGH,KANSAS CITY,KS,1012.0,15.57,74.88888888888889,26.0,24.7,374.44444444444446,77.85,296.59444444444443
2013-2014,200834001230,LANSING HIGH 9-12,LANSING,KS,832.0,14.86,33.785714285714285,19.8,20.2,168.92857142857142,74.3,94.62857142857142
2013-2014,200843001157,LEAVENWORTH SR HIGH,LEAVENWORTH,KS,1398.0,16.26,27.484848484848484,23.529411764705884,22.53846153846154,137.42424242424244,81.30000000000001,56.124242424242425
2013-2014,200897000983,LOUISBURG HIGH,LOUISBURG,KS,509.0,14.97,31.363636363636363,8.166666666666666,16.846153846153847,156.8181818181818,74.85000000000001,81.9681818181818
2013-2014,200897001742,PEORIA STREET LEARNING CENTER,LOUISBURG,KS,34.0,34.0,,,2.0,,170.0,
2013-2014,201014000040,OLATHE EAST SR HIGH,OLATHE,KS,2096.0,15.88,26.857142857142858,22.23913043478261,19.907894736842106,134.28571428571428,79.4,54.88571428571427
2013-2014,201014000137,OLATHE NORTH SR HIGH,OLATHE,KS,2164.0,15.46,23.609756097560975,23.17948717948718,18.875,118.04878048780488,77.30000000000001,40.748780487804865
2013-2014,201014001602,OLATHE SOUTH SR HIGH,OLATHE,KS,2109.0,15.86,27.08695652173913,24.71875,19.958904109589042,135.43478260869566,79.3,56.13478260869566
2013-2014,201014001793,OLATHE NORTHWEST HIGH SCHOOL,OLATHE,KS,1938.0,16.02,35.84615384615385,24.0,20.48611111111111,179.23076923076923,80.1,99.13076923076923
2013-2014,201026000774,OSAWATOMIE HIGH,OSAWATOMIE,KS,372.0,13.78,25.666666666666668,11.333333333333334,21.666666666666668,128.33333333333334,68.89999999999999,59.43333333333335
2013-2014,201050000779,PAOLA HIGH,PAOLA,KS,607.0,13.8,26.46153846153846,19.77777777777778,24.0,132.3076923076923,69.0,63.30769230769229
2013-2014,201068000026,PIPER HIGH,PIPER-KANSAS CITY,KS,572.0,15.89,27.5,23.333333333333332,20.266666666666666,137.5,79.45,58.05
2013-2014,201164001574,SHAWNEE MISSION EAST HIGH,SHAWNEE MISSION PUB SCH,KS,1665.0,18.92,45.31578947368421,18.38235294117647,25.0,226.57894736842107,94.60000000000001,131.97894736842107
2013-2014,201164001575,SHAWNEE MISSION NORTH HIGH,SHAWNEE MISSION PUB SCH,KS,1574.0,15.13,28.205128205128204,8.694444444444445,25.303030303030305,141.02564102564102,75.65,65.37564102564102
2013-2014,201164001576,SHAWNEE MISSION NORTHWEST HIGH,SHAWNEE MISSION PUB SCH,KS,1782.0,17.3,40.666666666666664,12.6,23.457142857142856,203.33333333333331,86.5,116.83333333333331
2013-2014,201164001577,SHAWNEE MISSION SOUTH HIGH,SHAWNEE MISSION PUB SCH,KS,1362.0,17.69,36.27272727272727,14.214285714285714,21.566666666666666,181.36363636363637,88.45,92.91363636363637
2013-2014,201185000118,SPRING HILL HIGH SCHOOL,SPRING HILL,KS,670.0,15.95,33.69230769230769,21.875,21.133333333333333,168.46153846153845,79.75,88.71153846153845
2013-2014,201185001918,INSIGHT SCHOOL OF KS AT HILLTOP ED CENTER,SPRING HILL,KS,542.0,25.81,25.285714285714285,25.0,14.75,126.42857142857142,129.04999999999998,-2.6214285714285666
2013-2014,201200000112,BLUE VALLEY HIGH,BLUE VALLEY,KS,1464.0,17.22,8.067961165048544,4.9523809523809526,4.730769230769231,40.33980582524272,86.1,-45.760194174757274
2013-2014,201200000541,BLUE VALLEY NORTHWEST HIGH,BLUE VALLEY,KS,1607.0,17.66,7.7075471698113205,5.387931034482759,5.379518072289157,38.5377358490566,88.3,-49.762264150943395
2013-2014,201200001533,BLUE VALLEY WEST HIGH,BLUE VALLEY,KS,1365.0,16.06,7.313131313131313,5.316326530612245,4.922580645161291,36.56565656565657,80.3,-43.73434343434343
2013-2014,201200001644,BLUE VALLEY NORTH HIGH,BLUE VALLEY,KS,1536.0,17.86,6.51304347826087,4.875968992248062,5.042944785276074,32.56521739130435,89.3,-56.734782608695646
2013-2014,201200001990,BLUE VALLEY SOUTHWEST HIGH SCHOOL,BLUE VALLEY,KS,1069.0,15.96,9.134328358208956,4.726027397260274,5.509433962264151,45.67164179104478,79.80000000000001,-34.128358208955234
2013-2014,201221001205,TONGANOXIE HIGH,TONGANOXIE,KS,603.0,13.11,30.153846153846153,12.5,19.625,150.76923076923077,65.55,85.21923076923078
2013-2014,201236000024,TURNER HIGH,TURNER-KANSAS CITY,KS,1088.0,15.32,76.07142857142857,72.5,26.61904761904762,380.35714285714283,76.6,303.75714285714287
2013-2014,290001402743,HOGAN PREPARATORY ACADEMY,HOGAN PREPARATORY ACADEMY,MO,381.0,12.7,13.866666666666667,10.142857142857142,17.875,69.33333333333334,63.5,5.833333333333343
2013-2014,290002503233,ALLEN VILLAGE HIGH SCHOOL,ALLEN VILLAGE,MO,98.0,16.33,23.75,4.0,15.0,118.75,81.64999999999999,37.10000000000001
2013-2014,290002702808,UNIVERSITY ACADEMY-UPPER,UNIVERSITY ACADEMY,MO,204.0,13.6,25.8,19.666666666666668,15.428571428571429,129.0,68.0,61.0
2013-2014,290002902741,ALTA VISTA CHARTER SCHOOL,ALTA VISTA CHARTER SCH.,MO,277.0,12.59,9.208333333333334,9.666666666666666,15.272727272727273,46.04166666666667,62.95,-16.90833333333333
2013-2014,290059003181,FRONTIER SCHL OF EXCELLENCE-U,FRONTIER SCHOOL OF INNOVATION,MO,125.0,12.5,95.0,,14.5,475.0,62.5,412.5
2013-2014,290059303176,DELASALLE CHARTER SCHOOL,DELASALLE CHARTER SCHOOL,MO,255.0,11.59,4.470588235294118,,10.375,22.352941176470587,57.95,-35.597058823529416
2013-2014,290320000025,ARCHIE HIGH,ARCHIE R-V,MO,284.0,12.35,46.666666666666664,5.25,17.2,233.33333333333331,61.75,171.58333333333331
2013-2014,290462000055,BELTON HIGH,BELTON 124,MO,1001.0,19.25,58.125,25.714285714285715,27.125,290.625,96.25,194.375
2013-2014,290531000085,BLUE SPRINGS HIGH,BLUE SPRINGS R-IV,MO,2409.0,23.16,33.0,22.68421052631579,20.67924528301887,165.0,115.8,49.2
2013-2014,290531000170,BLUE SPRINGS SOUTH HIGH,BLUE SPRINGS R-IV,MO,2124.0,23.34,34.11538461538461,22.863636363636363,22.5609756097561,170.57692307692307,116.7,53.87692307692306
2013-2014,290531000200,VALLEY VIEW HIGH,BLUE SPRINGS R-IV,MO,0.0,,14.333333333333334,,6.0,71.66666666666667,,
2013-2014,290825000225,CENTER SR. HIGH,CENTER 58,MO,689.0,11.3,31.53846153846154,13.384615384615385,15.857142857142858,157.6923076923077,56.5,101.19230769230771
2013-2014,290825002810,CENTER ALTERNATIVE,CENTER 58,MO,0.0,,33.0,,19.5,165.0,,
2013-2014,291032000335,SHERWOOD HIGH,SHERWOOD CASS R-VIII,MO,284.0,12.91,29.0,16.0,18.8,145.0,64.55,80.45
2013-2014,291107000379,DREXEL HIGH,DREXEL R-IV,MO,154.0,9.62,10.75,10.0,8.0,53.75,48.099999999999994,5.650000000000006
2013-2014,291165000071,EXCELSIOR SPRINGS TECH. HIGH,EXCELSIOR SPRINGS 40,MO,124.0,4.77,110.0,,37.75,550.0,23.849999999999998,526.15
2013-2014,291165000420,EXCELSIOR SPRINGS HIGH,EXCELSIOR SPRINGS 40,MO,806.0,16.45,32.5,14.833333333333334,19.9,162.5,82.25,80.25
2013-2014,291229000496,FORT OSAGE HIGH,FORT OSAGE R-I,MO,1493.0,19.14,30.055555555555557,14.277777777777779,20.257142857142856,150.27777777777777,95.7,54.57777777777777
2013-2014,291308000546,GRAIN VALLEY HIGH,GRAIN VALLEY R-V,MO,1021.0,16.21,39.125,23.083333333333332,23.53846153846154,195.625,81.05000000000001,114.57499999999999
2013-2014,291314000556,GRANDVIEW SR. HIGH,GRANDVIEW C-4,MO,1154.0,18.03,53.583333333333336,27.416666666666668,21.6,267.9166666666667,90.15,177.76666666666668
2013-2014,291368000597,HARDIN-CENTRAL HIGH,HARDIN-CENTRAL C-2,MO,113.0,10.27,11.5,5.5,13.0,57.5,51.349999999999994,6.150000000000006
2013-2014,291376000605,HARRISONVILLE HIGH,HARRISONVILLE R-IX,MO,924.0,17.43,20.7,20.0,20.107142857142858,103.5,87.15,16.349999999999994
2013-2014,291434003156,RUSKIN HIGH SCHOOL,HICKMAN MILLS C-1,MO,1103.0,13.62,34.125,18.916666666666668,18.64864864864865,170.625,68.1,102.525
2013-2014,291548000722,TRUMAN HIGH,INDEPENDENCE 30,MO,1630.0,17.72,40.608695652173914,19.272727272727273,22.941176470588236,203.04347826086956,88.6,114.44347826086957
2013-2014,291548000724,WILLIAM CHRISMAN HIGH,INDEPENDENCE 30,MO,1461.0,16.6,30.6,64.5,12.0,153.0,83.0,70.0
2013-2014,291548001707,INDEPENDENCE ACADEMY,INDEPENDENCE 30,MO,0.0,,7.0,,2.6,35.0,,
2013-2014,291548003096,VAN HORN HIGH,INDEPENDENCE 30,MO,896.0,16.91,38.53846153846154,13.5,22.0,192.6923076923077,84.55,108.14230769230771
2013-2014,291640000840,CENTRAL ACADEMY OF EXCELLENCE,KANSAS CITY 33,MO,724.0,14.78,49.1,4.0,92.5,245.5,73.89999999999999,171.60000000000002
2013-2014,291640000860,NORTHEAST HIGH,KANSAS CITY 33,MO,1024.0,18.29,42.46666666666667,11.0,72.8,212.33333333333334,91.44999999999999,120.88333333333335
2013-2014,291640000862,PASEO ACAD. OF PERFORMING ARTS,KANSAS CITY 33,MO,542.0,12.32,39.0,2.0,34.0,195.0,61.6,133.4
2013-2014,291640000880,EAST HIGH SCHOOL,KANSAS CITY 33,MO,1059.0,13.41,35.94444444444444,20.0,46.875,179.72222222222223,67.05,112.67222222222223
2013-2014,291640002608,MANUAL CAREER  TECH. CTR.,KANSAS CITY 33,MO,0.0,,,,,,,
2013-2014,291640003093,SOUTHWEST EARLY COLLEGE CAMPUS,KANSAS CITY 33,MO,635.0,15.49,38.5,10.5,47.75,192.5,77.45,115.05
2013-2014,291640003097,AFRICAN CENT COLLEGE PREP ACAD,KANSAS CITY 33,MO,438.0,14.13,34.333333333333336,13.666666666666666,51.0,171.66666666666669,70.65,101.01666666666668
2013-2014,291645000894,KEARNEY HIGH,KEARNEY R-I,MO,871.0,17.08,31.0,20.5625,19.90909090909091,155.0,85.39999999999999,69.60000000000001
2013-2014,291822000962,LAWSON HIGH,LAWSON R-XIV,MO,408.0,16.32,26.714285714285715,10.25,19.636363636363637,133.57142857142858,81.6,51.97142857142859
2013-2014,291830000983,LEES SUMMIT SR. HIGH,LEES SUMMIT R-VII,MO,1856.0,14.28,38.645161290322584,16.227272727272727,19.818181818181817,193.22580645161293,71.39999999999999,121.82580645161293
2013-2014,291830001481,LEES SUMMIT NORTH HIGH,LEES SUMMIT R-VII,MO,1911.0,16.47,48.357142857142854,24.470588235294116,28.162790697674417,241.78571428571428,82.35,159.43571428571428
2013-2014,291830002795,LEES SUMMIT WEST HIGH,LEES SUMMIT R-VII,MO,1875.0,17.86,47.44827586206897,18.2,23.145454545454545,237.24137931034483,89.3,147.94137931034481
2013-2014,291854001011,LIBERTY HIGH,LIBERTY 53,MO,1785.0,16.08,37.09375,6.425,9.045454545454545,185.46875,80.39999999999999,105.06875000000001
2013-2014,291854001665,LIBERTY ACADEMY,LIBERTY 53,MO,0.0,,13.333333333333334,,,66.66666666666667,,
2013-2014,291854003148,LIBERTY NORTH HIGH SCHOOL,LIBERTY 53,MO,1438.0,15.8,22.652173913043477,15.1,9.379310344827585,113.26086956521738,79.0,34.26086956521738
2013-2014,291923001040,LONE JACK HIGH,LONE JACK C-6,MO,278.0,12.64,17.857142857142858,11.5,17.5,89.28571428571429,63.2,26.08571428571429
2013-2014,292280001284,NORTH KANSAS CITY HIGH,NORTH KANSAS CITY 74,MO,1505.0,15.36,30.12121212121212,14.666666666666666,20.90909090909091,150.6060606060606,76.8,73.8060606060606
2013-2014,292280001286,OAK PARK HIGH,NORTH KANSAS CITY 74,MO,1413.0,16.62,34.38461538461539,17.333333333333332,24.818181818181817,171.92307692307693,83.10000000000001,88.82307692307693
2013-2014,292280001293,WINNETONKA HIGH,NORTH KANSAS CITY 74,MO,1325.0,15.06,29.333333333333332,19.333333333333332,19.428571428571427,146.66666666666666,75.3,71.36666666666666
2013-2014,292280003083,STALEY HIGH,NORTH KANSAS CITY 74,MO,1443.0,17.81,40.43478260869565,18.5,26.136363636363637,202.17391304347825,89.05,113.12391304347825
2013-2014,292283001297,NORTH PLATTE HIGH,NORTH PLATTE CO. R-I,MO,202.0,12.62,36.166666666666664,9.25,15.285714285714286,180.83333333333331,63.099999999999994,117.73333333333332
2013-2014,292301001317,OAK GROVE HIGH,OAK GROVE R-VI,MO,649.0,16.64,29.866666666666667,16.0,18.153846153846153,149.33333333333334,83.2,66.13333333333334
2013-2014,292322001336,ORRICK HIGH,ORRICK R-XI,MO,179.0,14.92,30.0,4.0,12.25,150.0,74.6,75.4
2013-2014,292355001371,PARK HILL HIGH,PARK HILL,MO,1736.0,15.78,13.88888888888889,7.361702127659575,13.177777777777777,69.44444444444444,78.89999999999999,-9.455555555555549
2013-2014,292355002413,PARK HILL SOUTH HIGH,PARK HILL,MO,1564.0,14.9,14.18867924528302,9.685714285714285,10.390243902439025,70.9433962264151,74.5,-3.5566037735848965
2013-2014,292373001424,RAYMORE-PECULIAR SR. HIGH,RAYMORE-PECULIAR R-II,MO,1887.0,17.8,39.2972972972973,26.58823529411765,23.933333333333334,196.48648648648648,89.0,107.48648648648648
2013-2014,292523001456,PLATTE COUNTY HIGH,PLATTE CO. R-III,MO,1061.0,16.84,39.94117647058823,16.714285714285715,21.7,199.70588235294116,84.2,115.50588235294116
2013-2014,292533001461,PLEASANT HILL HIGH,PLEASANT HILL R-III,MO,693.0,17.32,30.1875,17.22222222222222,23.466666666666665,150.9375,86.6,64.3375
2013-2014,292607001515,HERNDON CAREER CTR.,RAYTOWN C-2,MO,0.0,,,,,,,
2013-2014,292607001525,RAYTOWN SR. HIGH,RAYTOWN C-2,MO,1479.0,17.82,32.8235294117647,21.6,21.571428571428573,164.1176470588235,89.1,75.01764705882351
2013-2014,292607001526,RAYTOWN SOUTH SR. HIGH,RAYTOWN C-2,MO,1153.0,16.96,26.266666666666666,25.0,20.68421052631579,131.33333333333331,84.80000000000001,46.5333333333333
2013-2014,292648001554,RICHMOND HIGH,RICHMOND R-XVI,MO,484.0,17.93,31.363636363636363,21.0,31.0,156.8181818181818,89.65,67.16818181818181
2013-2014,292841001754,SMITHVILLE HIGH,SMITHVILLE R-II,MO,815.0,16.98,38.06666666666667,20.818181818181817,20.36842105263158,190.33333333333334,84.9,105.43333333333334
2013-2014,293171002220,WEST PLATTE HIGH,WEST PLATTE CO. R-II,MO,286.0,10.59,17.666666666666668,16.666666666666668,12.0,88.33333333333334,52.95,35.38333333333334
2013-2014,293180002224,MIDWAY HIGH,MIDWAY R-I,MO,238.0,12.53,16.333333333333332,5.875,13.777777777777779,81.66666666666666,62.65,19.01666666666666
2015-2016,200001801751,School for Blind High,School for Blind,KS,25.0,2.72,4.0,,6.0,20.0,13.600000000000001,6.399999999999999
2015-2016,200001901753,School for Deaf High,School for Deaf,KS,60.0,3.82,1.3333333333333333,,,6.666666666666666,19.099999999999998,-12.433333333333332
2015-2016,200002501855,Lansing Correctional Facility,KS. State Penitentiary,KS,0.0,,,,,,,
2015-2016,200378001186,Basehor-Linwood High School,Basehor-Linwood,KS,673.0,15.44,13.695652173913043,24.714285714285715,19.857142857142858,68.47826086956522,77.2,-8.721739130434784
2015-2016,200405000031,Bonner Springs High,Bonner Springs,KS,801.0,14.7,3.6666666666666665,10.0,12.285714285714286,18.333333333333332,73.5,-55.16666666666667
2015-2016,200549000127,De Soto  High  School,De Soto,KS,764.0,15.07,24.666666666666668,22.25,21.681818181818183,123.33333333333334,75.35,47.98333333333335
2015-2016,200549001723,Mill Valley High School,De Soto,KS,1366.0,16.2,23.75,24.333333333333332,21.09090909090909,118.75,81.0,37.75
2015-2016,200564001131,Pleasant Ridge High,Easton,KS,225.0,10.51,10.88888888888889,8.25,15.333333333333334,54.44444444444444,52.55,1.8944444444444457
2015-2016,200642000122,Gardner Edgerton High,Gardner Edgerton,KS,1518.0,,16.782608695652176,23.533333333333335,22.0,83.91304347826087,,
2015-2016,200795001419,Sumner Academy of Arts & Science,Kansas City,KS,981.0,16.3,12.823529411764707,21.2,33.3,64.11764705882354,81.5,-17.382352941176464
2015-2016,200795001420,Wyandotte High,Kansas City,KS,1411.0,13.97,10.166666666666666,22.5,42.333333333333336,50.83333333333333,69.85000000000001,-19.01666666666668
2015-2016,200795001423,J C Harmon High,Kansas City,KS,1254.0,14.65,9.25,41.625,42.733333333333334,46.25,73.25,-27.0
2015-2016,200795001425,F L Schlagle High,Kansas City,KS,943.0,13.51,11.625,25.666666666666668,29.066666666666666,58.125,67.55,-9.424999999999997
2015-2016,200795001433,Washington High,Kansas City,KS,966.0,14.14,7.625,36.6,39.583333333333336,38.125,70.7,-32.575
2015-2016,200834001230,Lansing High 9-12,Lansing,KS,912.0,14.98,,,,,74.9,
2015-2016,200843001157,Leavenworth Sr High,Leavenworth,KS,1315.0,17.01,14.222222222222221,21.727272727272727,26.724137931034484,71.11111111111111,85.05000000000001,-13.938888888888897
2015-2016,200897000983,Louisburg High,Louisburg,KS,539.0,16.53,7.34375,10.5,11.576923076923077,36.71875,82.65,-45.931250000000006
2015-2016,201014000040,Olathe East Sr High,Olathe,KS,1995.0,,11.514285714285714,20.558139534883722,22.358490566037737,57.57142857142857,,
2015-2016,201014000137,Olathe North Sr High,Olathe,KS,2413.0,,11.555555555555555,17.90909090909091,22.779411764705884,57.77777777777778,,
2015-2016,201014001602,Olathe South Sr High,Olathe,KS,2109.0,,12.46938775510204,18.84375,22.381818181818183,62.3469387755102,,
2015-2016,201014001793,Olathe Northwest High School,Olathe,KS,2179.0,,11.488372093023257,21.88095238095238,23.233333333333334,57.441860465116285,,
2015-2016,201026000774,Osawatomie High,Osawatomie,KS,376.0,13.15,14.333333333333334,15.0,19.75,71.66666666666667,65.75,5.916666666666671
2015-2016,201050000779,Paola High,Paola,KS,611.0,15.63,13.0,19.285714285714285,24.833333333333332,65.0,78.15,-13.150000000000006
2015-2016,201068000026,Piper High,Piper-Kansas City,KS,585.0,15.23,9.789473684210526,29.142857142857142,18.333333333333332,48.94736842105263,76.15,-27.202631578947376
2015-2016,201164001574,Shawnee Mission East High,Shawnee Mission Pub Sch,KS,1743.0,18.99,17.454545454545453,26.304347826086957,23.57894736842105,87.27272727272727,94.94999999999999,-7.677272727272722
2015-2016,201164001575,Shawnee Mission North High,Shawnee Mission Pub Sch,KS,1610.0,16.13,13.261904761904763,25.066666666666666,25.1,66.30952380952381,80.64999999999999,-14.340476190476181
2015-2016,201164001576,Shawnee Mission Northwest High,Shawnee Mission Pub Sch,KS,1805.0,17.7,17.10810810810811,27.6,24.0,85.54054054054055,88.5,-2.9594594594594525
2015-2016,201164001577,Shawnee Mission South High,Shawnee Mission Pub Sch,KS,1475.0,17.05,15.818181818181818,24.357142857142858,23.129032258064516,79.0909090909091,85.25,-6.1590909090909065
2015-2016,201185000118,Spring Hill High School,Spring Hill,KS,698.0,14.57,13.24,19.75,22.705882352941178,66.2,72.85,-6.6499999999999915
2015-2016,201185001918,Insight School of KS at Hilltop Ed Center,Spring Hill,KS,748.0,29.11,24.428571428571427,31.0,67.66666666666667,122.14285714285714,145.55,-23.407142857142873
2015-2016,201200000112,Blue Valley High,Blue Valley,KS,1570.0,18.11,15.722222222222221,25.25,25.90625,78.61111111111111,90.55,-11.938888888888883
2015-2016,201200000541,Blue Valley Northwest High,Blue Valley,KS,1611.0,17.72,15.944444444444445,28.181818181818183,28.53125,79.72222222222223,88.6,-8.877777777777766
2015-2016,201200001533,Blue Valley West High,Blue Valley,KS,1458.0,15.81,14.578947368421053,25.263157894736842,26.833333333333332,72.89473684210526,79.05,-6.155263157894737
2015-2016,201200001644,Blue Valley North High,Blue Valley,KS,1514.0,17.32,14.026315789473685,24.47826086956522,29.03125,70.13157894736842,86.6,-16.46842105263157
2015-2016,201200001990,Blue Valley Southwest High School,Blue Valley,KS,1130.0,15.87,16.041666666666668,27.5625,25.958333333333332,80.20833333333334,79.35,0.8583333333333485
2015-2016,201221001205,Tonganoxie High,Tonganoxie,KS,621.0,12.94,12.5,9.23076923076923,17.5625,62.5,64.7,-2.200000000000003
2015-2016,201236000024,Turner High,Turner-Kansas City,KS,1081.0,14.61,19.047619047619047,3.5,7.466666666666667,95.23809523809524,73.05,22.188095238095244
2015-2016,290001402743,HOGAN PREPARATORY ACADEMY,HOGAN PREPARATORY ACADEMY,MO,354.0,10.03,11.285714285714286,10.222222222222221,14.4,56.42857142857143,50.15,6.278571428571432
2015-2016,290002503233,ALLEN VILLAGE HIGH SCHOOL,ALLEN VILLAGE,MO,161.0,13.31,4.833333333333333,2.0,14.666666666666666,24.166666666666664,66.55,-42.38333333333333
2015-2016,290002702808,UNIVERSITY ACADEMY-UPPER,UNIVERSITY ACADEMY,MO,196.0,12.94,6.222222222222222,20.0,15.571428571428571,31.11111111111111,64.7,-33.58888888888889
2015-2016,290002902741,ALTA VISTA CHARTER SCHOOL,ALTA VISTA CHARTER SCH.,MO,359.0,12.76,13.176470588235293,,22.307692307692307,65.88235294117646,63.8,2.0823529411764667
2015-2016,290059003181,FRONTIER SCHL OF EXCELLENCE-U,FRONTIER SCHOOL OF INNOVATION,MO,192.0,13.39,7.285714285714286,2.0,20.5,36.42857142857143,66.95,-30.521428571428572
2015-2016,290059303176,DELASALLE CHARTER SCHOOL,DELASALLE CHARTER SCHOOL,MO,227.0,11.35,77.33333333333333,,141.0,386.66666666666663,56.75,329.91666666666663
2015-2016,290462000055,BELTON HIGH,BELTON 124,MO,1359.0,16.8,14.695652173913043,26.333333333333332,24.333333333333332,73.47826086956522,84.0,-10.521739130434781
2015-2016,290531000085,BLUE SPRINGS HIGH,BLUE SPRINGS R-IV,MO,2548.0,24.22,13.76,21.434782608695652,22.195121951219512,68.8,121.1,-52.3
2015-2016,290531000170,BLUE SPRINGS SOUTH HIGH,BLUE SPRINGS R-IV,MO,2041.0,21.59,13.195121951219512,20.565217391304348,21.07894736842105,65.97560975609755,107.95,-41.97439024390245
2015-2016,290531000200,VALLEY VIEW HIGH,BLUE SPRINGS R-IV,MO,0.0,,9.714285714285714,,20.0,48.57142857142857,,
2015-2016,290825000225,CENTER SR. HIGH,CENTER 58,MO,696.0,11.93,10.526315789473685,7.4,20.285714285714285,52.631578947368425,59.65,-7.018421052631574
2015-2016,290825002810,CENTER ALTERNATIVE,CENTER 58,MO,0.0,,2.0,,6.5,10.0,,
2015-2016,291032000335,SHERWOOD HIGH,SHERWOOD CASS R-VIII,MO,260.0,12.76,11.125,10.666666666666666,33.0,55.625,63.8,-8.174999999999997
2015-2016,291107000379,DREXEL HIGH,DREXEL R-IV,MO,154.0,8.53,0.8771929824561403,1.0666666666666667,11.0,4.385964912280701,42.65,-38.2640350877193
2015-2016,291165000071,EXCELSIOR SPRINGS TECH. HIGH,EXCELSIOR SPRINGS 40,MO,188.0,6.71,24.5,,37.0,122.5,33.55,88.95
2015-2016,291165000420,EXCELSIOR SPRINGS HIGH,EXCELSIOR SPRINGS 40,MO,791.0,16.51,8.210526315789474,17.8,18.2,41.05263157894737,82.55000000000001,-41.49736842105264
2015-2016,291229000496,FORT OSAGE HIGH,FORT OSAGE R-I,MO,1503.0,19.05,13.0,17.666666666666668,19.942857142857143,65.0,95.25,-30.25
2015-2016,291308000546,GRAIN VALLEY HIGH,GRAIN VALLEY R-V,MO,1190.0,15.73,17.24137931034483,23.333333333333332,21.324324324324323,86.20689655172414,78.65,7.556896551724137
2015-2016,291314000556,GRANDVIEW SR. HIGH,GRANDVIEW C-4,MO,1230.0,18.93,14.821428571428571,28.454545454545453,24.5,74.10714285714286,94.65,-20.542857142857144
2015-2016,291368000597,HARDIN-CENTRAL HIGH,HARDIN-CENTRAL C-2,MO,94.0,8.84,4.0,4.0,10.0,20.0,44.2,-24.200000000000003
2015-2016,291376000605,HARRISONVILLE HIGH,HARRISONVILLE R-IX,MO,884.0,16.43,13.0,18.0,19.153846153846153,65.0,82.15,-17.150000000000006
2015-2016,291434003156,RUSKIN HIGH SCHOOL,HICKMAN MILLS C-1,MO,1070.0,13.46,8.18918918918919,21.333333333333332,20.375,40.94594594594595,67.30000000000001,-26.35405405405406
2015-2016,291548000722,TRUMAN HIGH,INDEPENDENCE 30,MO,1605.0,18.49,13.82089552238806,20.22222222222222,21.06382978723404,69.1044776119403,92.44999999999999,-23.345522388059692
2015-2016,291548000724,WILLIAM CHRISMAN HIGH,INDEPENDENCE 30,MO,1425.0,17.46,13.079365079365079,28.9,19.5609756097561,65.39682539682539,87.30000000000001,-21.90317460317462
2015-2016,291548001707,INDEPENDENCE ACADEMY,INDEPENDENCE 30,MO,0.0,,,,,,,
2015-2016,291548003096,VAN HORN HIGH,INDEPENDENCE 30,MO,999.0,16.64,11.688888888888888,19.0,21.821428571428573,58.44444444444444,83.2,-24.75555555555556
2015-2016,291640000840,CENTRAL ACADEMY OF EXCELLENCE,KANSAS CITY 33,MO,605.0,16.09,22.42105263157895,26.0,16.714285714285715,112.10526315789474,80.45,31.655263157894737
2015-2016,291640000860,NORTHEAST HIGH,KANSAS CITY 33,MO,731.0,19.03,18.565217391304348,25.0,24.733333333333334,92.82608695652173,95.15,-2.323913043478271
2015-2016,291640000862,PASEO ACAD. OF PERFORMING ARTS,KANSAS CITY 33,MO,503.0,12.75,15.727272727272727,12.0,22.857142857142858,78.63636363636363,63.75,14.886363636363626
2015-2016,291640000880,EAST HIGH SCHOOL,KANSAS CITY 33,MO,843.0,15.68,15.37037037037037,13.833333333333334,21.555555555555557,76.85185185185185,78.4,-1.548148148148158
2015-2016,291640002608,MANUAL CAREER  TECH. CTR.,KANSAS CITY 33,MO,0.0,,,,,,,
2015-2016,291640003093,SOUTHWEST EARLY COLLEGE CAMPUS,KANSAS CITY 33,MO,376.0,13.83,17.5,6.0,21.142857142857142,87.5,69.15,18.349999999999994
2015-2016,291640003097,AFRICAN CENT COLLEGE PREP ACAD,KANSAS CITY 33,MO,376.0,14.6,15.5,23.0,22.25,77.5,73.0,4.5
2015-2016,291645000894,KEARNEY HIGH,KEARNEY R-I,MO,876.0,16.72,14.277777777777779,21.555555555555557,25.0,71.38888888888889,83.6,-12.211111111111109
2015-2016,291822000962,LAWSON HIGH,LAWSON R-XIV,MO,381.0,15.35,17.22222222222222,15.25,20.428571428571427,86.11111111111111,76.75,9.361111111111114
2015-2016,291830000983,LEE'S SUMMIT SR. HIGH,LEE'S SUMMIT R-VII,MO,1823.0,13.6,9.016949152542374,6.391304347826087,19.80821917808219,45.08474576271187,68.0,-22.91525423728813
2015-2016,291830001481,LEE'S SUMMIT NORTH HIGH,LEE'S SUMMIT R-VII,MO,1904.0,16.76,8.5,10.08695652173913,20.56338028169014,42.5,83.80000000000001,-41.30000000000001
2015-2016,291830002795,LEE'S SUMMIT WEST HIGH,LEE'S SUMMIT R-VII,MO,2037.0,18.69,14.551724137931034,11.055555555555555,23.52857142857143,72.75862068965517,93.45,-20.69137931034483
2015-2016,291854001011,LIBERTY HIGH,LIBERTY 53,MO,1767.0,17.21,11.235294117647058,12.95,21.596153846153847,56.17647058823529,86.05000000000001,-29.87352941176472
2015-2016,291854001665,LIBERTY ACADEMY,LIBERTY 53,MO,0.0,,1.2,,1.6,6.0,,
2015-2016,291854003148,LIBERTY NORTH HIGH SCHOOL,LIBERTY 53,MO,1764.0,17.83,11.727272727272727,11.368421052631579,23.704545454545453,58.63636363636363,89.14999999999999,-30.51363636363636
2015-2016,291923001040,LONE JACK HIGH,LONE JACK C-6,MO,292.0,11.91,6.8,12.333333333333334,20.6,34.0,59.55,-25.549999999999997
2015-2016,292280001284,NORTH KANSAS CITY HIGH,NORTH KANSAS CITY 74,MO,1476.0,14.76,13.837837837837839,13.45,26.12121212121212,69.1891891891892,73.8,-4.610810810810804
2015-2016,292280001286,OAK PARK HIGH,NORTH KANSAS CITY 74,MO,1439.0,16.0,13.153846153846153,17.333333333333332,33.125,65.76923076923077,80.0,-14.230769230769226
2015-2016,292280001293,WINNETONKA HIGH,NORTH KANSAS CITY 74,MO,1314.0,14.68,12.25,21.714285714285715,21.0,61.25,73.4,-12.150000000000006
2015-2016,292280003083,STALEY HIGH,NORTH KANSAS CITY 74,MO,1525.0,17.98,17.416666666666668,21.3125,38.61904761904762,87.08333333333334,89.9,-2.816666666666663
2015-2016,292283001297,NORTH PLATTE HIGH,NORTH PLATTE CO. R-I,MO,205.0,12.39,12.166666666666666,20.5,10.666666666666666,60.83333333333333,61.95,-1.1166666666666742
2015-2016,292301001317,OAK GROVE HIGH,OAK GROVE R-VI,MO,649.0,14.89,8.875,11.153846153846153,18.90909090909091,44.375,74.45,-30.075000000000003
2015-2016,292322001336,ORRICK HIGH,ORRICK R-XI,MO,159.0,13.13,10.25,5.333333333333333,10.666666666666666,51.25,65.65,-14.400000000000006
2015-2016,292355001371,PARK HILL HIGH,PARK HILL,MO,1877.0,15.86,7.263736263736264,11.146341463414634,13.733333333333333,36.31868131868132,79.3,-42.981318681318676
2015-2016,292355002413,PARK HILL SOUTH HIGH,PARK HILL,MO,1605.0,15.75,5.450549450549451,12.428571428571429,9.11111111111111,27.252747252747255,78.75,-51.497252747252745
2015-2016,292373001424,RAYMORE-PECULIAR SR. HIGH,RAYMORE-PECULIAR R-II,MO,1900.0,17.29,14.362068965517242,27.357142857142858,21.35483870967742,71.8103448275862,86.44999999999999,-14.639655172413782
2015-2016,292523001456,PLATTE COUNTY HIGH,PLATTE CO. R-III,MO,1106.0,16.27,13.416666666666666,17.875,23.125,67.08333333333333,81.35,-14.266666666666666
2015-2016,292533001461,PLEASANT HILL HIGH,PLEASANT HILL R-III,MO,639.0,14.9,14.619047619047619,18.666666666666668,22.428571428571427,73.09523809523809,74.5,-1.4047619047619122
2015-2016,292607001515,HERNDON CAREER CTR.,RAYTOWN C-2,MO,0.0,,,,,,,
2015-2016,292607001525,RAYTOWN SR. HIGH,RAYTOWN C-2,MO,1608.0,17.59,13.862068965517242,,21.51851851851852,69.3103448275862,87.95,-18.639655172413796
2015-2016,292607001526,RAYTOWN SOUTH SR. HIGH,RAYTOWN C-2,MO,1173.0,16.93,12.772727272727273,,20.833333333333332,63.86363636363637,84.65,-20.78636363636364
2015-2016,292648001554,RICHMOND HIGH,RICHMOND R-XVI,MO,457.0,16.31,6.85,18.666666666666668,19.7,34.25,81.55,-47.3
2015-2016,292841001754,SMITHVILLE HIGH,SMITHVILLE R-II,MO,841.0,16.48,6.5576923076923075,11.272727272727273,22.31578947368421,32.78846153846154,82.4,-49.611538461538466
2015-2016,293171002220,WEST PLATTE HIGH,WEST PLATTE CO. R-II,MO,258.0,9.04,6.666666666666667,9.333333333333334,13.1,33.333333333333336,45.199999999999996,-11.86666666666666
2015-2016,293180002224,MIDWAY HIGH,MIDWAY R-I,MO,225.0,11.56,6.875,4.75,1.486842105263158,34.375,57.800000000000004,-23.425000000000004
2017-2018,200001801751,School for Blind High,School for Blind,KS,15.0,2.46,0.0,,,0.0,12.3,-12.3
2017-2018,200001901753,School for Deaf High,School for Deaf,KS,49.0,3.58,4.5,,2.0,22.5,17.9,4.600000000000001
2017-2018,200378001186,Basehor-Linwood High School,Basehor-Linwood,KS,838.0,19.13,19.35483870967742,15.625,18.625,96.7741935483871,95.64999999999999,1.1241935483871117
2017-2018,200405000031,Bonner Springs High,Bonner Springs,KS,798.0,15.56,7.970149253731344,11.583333333333334,7.74468085106383,39.85074626865672,77.8,-37.949253731343276
2017-2018,200549000127,De Soto  High  School,De Soto,KS,942.0,16.67,15.416666666666666,25.714285714285715,20.96875,77.08333333333333,83.35000000000001,-6.26666666666668
2017-2018,200549001723,Mill Valley High School,De Soto,KS,1367.0,15.9,13.794117647058824,20.266666666666666,17.274509803921568,68.97058823529412,79.5,-10.529411764705884
2017-2018,200564001131,Pleasant Ridge High,Easton,KS,227.0,10.91,16.0,11.0,13.2,80.0,54.55,25.450000000000003
2017-2018,200642000122,Gardner Edgerton High,Gardner Edgerton,KS,1593.0,14.89,21.344827586206897,19.642857142857142,20.857142857142858,106.72413793103448,74.45,32.274137931034474
2017-2018,200795001419,Sumner Academy of Arts & Science,Kansas City,KS,1000.0,15.38,13.722222222222221,12.096774193548388,15.419354838709678,68.61111111111111,76.9,-8.288888888888891
2017-2018,200795001420,Wyandotte High,Kansas City,KS,1355.0,13.16,9.621212121212121,17.25,19.53488372093023,48.10606060606061,65.8,-17.693939393939388
2017-2018,200795001423,J C Harmon High,Kansas City,KS,1368.0,13.02,10.076923076923077,13.30232558139535,16.94,50.38461538461539,65.1,-14.715384615384608
2017-2018,200795001425,F L Schlagle High,Kansas City,KS,1085.0,14.04,9.283333333333333,11.35135135135135,14.96551724137931,46.416666666666664,70.19999999999999,-23.783333333333324
2017-2018,200795001433,Washington High,Kansas City,KS,1083.0,13.97,8.224489795918368,15.2,14.387755102040817,41.12244897959184,69.85000000000001,-28.72755102040817
2017-2018,200795002093,Gateway to College,Kansas City,KS,56.0,,,,,,,
2017-2018,200795002094,Fairfax Learning Center,Kansas City,KS,60.0,,3.3333333333333335,,5.5,16.666666666666668,,
2017-2018,200795002097,500 Reach,Kansas City,KS,328.0,,,,,,,
2017-2018,200834001230,Lansing High 9-12,Lansing,KS,866.0,15.83,12.3125,8.0,10.892857142857142,61.5625,79.15,-17.587500000000006
2017-2018,200843001157,Leavenworth Sr High,Leavenworth,KS,1331.0,18.49,21.90625,21.307692307692307,28.454545454545453,109.53125,92.44999999999999,17.08125000000001
2017-2018,200897000983,Louisburg High,Louisburg,KS,529.0,18.05,11.25,9.0,10.607142857142858,56.25,90.25,-34.0
2017-2018,201014000040,Olathe East Sr High,Olathe,KS,1918.0,14.96,17.363636363636363,22.558823529411764,20.169811320754718,86.81818181818181,74.80000000000001,12.018181818181802
2017-2018,201014000137,Olathe North Sr High,Olathe,KS,2191.0,16.25,16.192307692307693,21.852941176470587,20.0,80.96153846153847,81.25,-0.288461538461533
2017-2018,201014001602,Olathe South Sr High,Olathe,KS,2089.0,17.54,18.52173913043478,22.71875,20.448275862068964,92.6086956521739,87.69999999999999,4.908695652173918
2017-2018,201014001793,Olathe Northwest High School,Olathe,KS,2007.0,17.01,21.741935483870968,24.83783783783784,20.43859649122807,108.70967741935485,85.05000000000001,23.659677419354836
2017-2018,201014002088,Olathe West High School,Olathe,KS,929.0,14.36,20.344827586206897,20.77777777777778,19.705882352941178,101.72413793103448,71.8,29.92413793103448
2017-2018,201026000774,Osawatomie High,Osawatomie,KS,345.0,13.48,14.846153846153847,15.0,13.727272727272727,74.23076923076923,67.4,6.830769230769221
2017-2018,201050000779,Paola High,Paola,KS,643.0,15.8,16.782608695652176,19.333333333333332,19.8,83.91304347826087,79.0,4.9130434782608745
2017-2018,201068000026,Piper High,Piper-Kansas City,KS,589.0,14.37,17.5,13.5,18.933333333333334,87.5,71.85,15.650000000000006
2017-2018,201164001574,Shawnee Mission East High,Shawnee Mission Pub Sch,KS,1805.0,18.86,24.384615384615383,23.466666666666665,25.142857142857142,121.92307692307692,94.3,27.623076923076923
2017-2018,201164001575,Shawnee Mission North High,Shawnee Mission Pub Sch,KS,1525.0,14.61,23.125,22.6,22.0,115.625,73.05,42.575
2017-2018,201164001576,Shawnee Mission Northwest High,Shawnee Mission Pub Sch,KS,1677.0,17.03,23.69047619047619,20.695652173913043,23.727272727272727,118.45238095238095,85.15,33.30238095238094
2017-2018,201164001577,Shawnee Mission South High,Shawnee Mission Pub Sch,KS,1522.0,17.37,26.12121212121212,23.27777777777778,26.96153846153846,130.6060606060606,86.85000000000001,43.756060606060586
2017-2018,201164001578,Shawnee Mission West High,Shawnee Mission Pub Sch,KS,1762.0,17.69,23.046511627906977,22.894736842105264,21.944444444444443,115.23255813953489,88.45,26.782558139534885
2017-2018,201185000118,Spring Hill High School,Spring Hill,KS,731.0,14.69,17.344827586206897,19.8,21.333333333333332,86.72413793103448,73.45,13.274137931034474
2017-2018,201185001918,Insight School of KS at Hilltop Ed Center,Spring Hill,KS,799.0,28.9,34.166666666666664,1.0,19.0,170.83333333333331,144.5,26.333333333333314
2017-2018,201200000112,Blue Valley High,Blue Valley,KS,1587.0,16.66,23.857142857142858,23.608695652173914,25.71875,119.28571428571429,83.3,35.985714285714295
2017-2018,201200000541,Blue Valley Northwest High,Blue Valley,KS,1587.0,17.01,26.026315789473685,26.61904761904762,28.75,130.13157894736844,85.05000000000001,45.08157894736843
2017-2018,201200001533,Blue Valley West High,Blue Valley,KS,1550.0,15.62,24.025,27.1,25.0,120.125,78.1,42.025000000000006
2017-2018,201200001644,Blue Valley North High,Blue Valley,KS,1521.0,16.58,24.263157894736842,23.0,24.857142857142858,121.31578947368422,82.89999999999999,38.41578947368423
2017-2018,201200001990,Blue Valley Southwest High School,Blue Valley,KS,1101.0,14.83,26.12,24.88235294117647,25.045454545454547,130.6,74.15,56.44999999999999
2017-2018,201221001205,Tonganoxie High,Tonganoxie,KS,637.0,14.09,12.25,19.9,14.458333333333334,61.25,70.45,-9.200000000000003
2017-2018,201236000024,Turner High,Turner-Kansas City,KS,1109.0,16.07,13.772727272727273,7.125,16.46153846153846,68.86363636363637,80.35,-11.48636363636362
2017-2018,290000901270,NORTHWEST REG. YOUTH CTR.,DIVISION OF YOUTH SERVICE,MO,28.0,5.6,21.0,,25.0,105.0,28.0,77.0
2017-2018,290000901285,LANGSFORD HOUSE,DIVISION OF YOUTH SERVICE,MO,9.0,6.0,4.0,,7.0,20.0,30.0,-10.0
2017-2018,290000901287,ALTERNATIVE RESOURCE CTR.,DIVISION OF YOUTH SERVICE,MO,14.0,7.0,3.0,,5.0,15.0,35.0,-20.0
2017-2018,290000901289,WATKINS MILL PARK CAMP,DIVISION OF YOUTH SERVICE,MO,57.0,8.14,42.5,,40.5,212.5,40.7,171.8
2017-2018,290001402743,HOGAN PREPARATORY ACADEMY,HOGAN PREPARATORY ACADEMY,MO,361.0,9.93,11.333333333333334,18.0,12.25,56.66666666666667,49.65,7.016666666666673
2017-2018,290002503233,ALLEN VILLAGE HIGH SCHOOL,ALLEN VILLAGE,MO,186.0,15.06,14.7,9.333333333333334,19.4,73.5,75.3,-1.7999999999999972
2017-2018,290002702808,UNIVERSITY ACADEMY-UPPER,UNIVERSITY ACADEMY,MO,237.0,14.58,14.5,17.8,17.5,72.5,72.9,-0.4000000000000057
2017-2018,290002902741,GUADALUPE CENTERS HIGH SCHOOL,GUADALUPE CENTERS SCHOOLS,MO,395.0,13.17,1.0,1.0,1.0,5.0,65.85,-60.849999999999994
2017-2018,290059003181,FRONTIER SCHL OF EXCELLENCE-U,FRONTIER SCHOOLS,MO,197.0,10.78,19.25,,20.2,96.25,53.9,42.35
2017-2018,290059003232,FRONTIER STEM HIGH SCHOOL,FRONTIER SCHOOLS,MO,324.0,12.75,20.384615384615383,,22.125,101.92307692307692,63.75,38.17307692307692
2017-2018,290059303176,DELASALLE CHARTER SCHOOL,DELASALLE CHARTER SCHOOL,MO,196.0,20.9,9.3,,,46.5,104.5,-58.0
2017-2018,290059703277,EWING MARION KAUFFMAN HIGH,EWING MARION KAUFFMAN SCHOOL,MO,203.0,7.8,26.3,20.0,25.666666666666668,131.5,39.0,92.5
2017-2018,290320000025,ARCHIE HIGH,ARCHIE R-V,MO,305.0,12.33,13.857142857142858,9.0,14.75,69.28571428571429,61.65,7.635714285714293
2017-2018,290462000055,BELTON HIGH,BELTON 124,MO,1350.0,21.46,23.5,25.333333333333332,20.818181818181817,117.5,107.30000000000001,10.199999999999989
2017-2018,290531000085,BLUE SPRINGS HIGH,BLUE SPRINGS R-IV,MO,2487.0,23.67,23.136363636363637,21.26923076923077,21.45,115.68181818181819,118.35000000000001,-2.6681818181818215
2017-2018,290531000170,BLUE SPRINGS SOUTH HIGH,BLUE SPRINGS R-IV,MO,1965.0,21.77,20.216216216216218,19.434782608695652,18.323529411764707,101.0810810810811,108.85,-7.768918918918899
2017-2018,290531000200,VALLEY VIEW HIGH,BLUE SPRINGS R-IV,MO,0.0,,7.142857142857143,,8.0,35.714285714285715,,
2017-2018,290531002735,FRESHMAN CTR. - G. BAKER BLDG.,BLUE SPRINGS R-IV,MO,0.0,,21.041666666666668,,24.595238095238095,105.20833333333334,,
2017-2018,290825000225,CENTER SR. HIGH,CENTER 58,MO,662.0,11.09,16.217391304347824,13.181818181818182,18.357142857142858,81.08695652173913,55.45,25.636956521739123
2017-2018,290825002810,CENTER ALTERNATIVE,CENTER 58,MO,0.0,,7.0,5.0,9.0,35.0,,
2017-2018,291032000335,SHERWOOD HIGH,SHERWOOD CASS R-VIII,MO,238.0,12.91,5.032258064516129,3.8,6.5,25.161290322580644,64.55,-39.38870967741936
2017-2018,291107000379,DREXEL HIGH,DREXEL R-IV,MO,154.0,9.18,1.0169491525423728,1.0,10.666666666666666,5.084745762711864,45.9,-40.81525423728814
2017-2018,291165000071,EXCELSIOR SPRINGS TECH. HIGH,EXCELSIOR SPRINGS 40,MO,142.0,5.07,40.916666666666664,,,204.58333333333331,25.35,179.23333333333332
2017-2018,291165000420,EXCELSIOR SPRINGS HIGH,EXCELSIOR SPRINGS 40,MO,763.0,16.14,54.1,18.428571428571427,40.857142857142854,270.5,80.7,189.8
2017-2018,291229000496,FORT OSAGE HIGH,FORT OSAGE R-I,MO,1481.0,18.64,19.53448275862069,11.933333333333334,21.185185185185187,97.67241379310346,93.2,4.472413793103456
2017-2018,291308000546,GRAIN VALLEY HIGH,GRAIN VALLEY R-V,MO,1326.0,16.77,17.08108108108108,21.3,23.863636363636363,85.4054054054054,83.85,1.5554054054054092
2017-2018,291314000556,GRANDVIEW SR. HIGH,GRANDVIEW C-4,MO,1205.0,17.34,15.951219512195122,26.11111111111111,22.085714285714285,79.7560975609756,86.7,-6.943902439024399
2017-2018,291368000597,HARDIN-CENTRAL HIGH,HARDIN-CENTRAL C-2,MO,,,9.0,1.0,16.0,45.0,,
2017-2018,291376000605,HARRISONVILLE HIGH,HARRISONVILLE R-IX,MO,843.0,15.35,17.642857142857142,18.0,19.238095238095237,88.21428571428571,76.75,11.464285714285708
2017-2018,291434003156,RUSKIN HIGH SCHOOL,HICKMAN MILLS C-1,MO,993.0,13.3,25.0625,20.0625,20.40625,125.3125,66.5,58.8125
2017-2018,291434003249,HICKMAN MILLS FRESHMAN CENTER,HICKMAN MILLS C-1,MO,370.0,12.96,22.533333333333335,,,112.66666666666667,64.80000000000001,47.86666666666666
2017-2018,291548000722,TRUMAN HIGH,INDEPENDENCE 30,MO,1644.0,18.41,10.745762711864407,8.125,10.655555555555555,53.728813559322035,92.05,-38.32118644067796
2017-2018,291548000724,WILLIAM CHRISMAN HIGH,INDEPENDENCE 30,MO,1503.0,19.11,9.554621848739496,5.833333333333333,11.03448275862069,47.773109243697476,95.55,-47.77689075630252
2017-2018,291548001707,INDEPENDENCE ACADEMY,INDEPENDENCE 30,MO,0.0,,5.0,,7.0,25.0,,
2017-2018,291548003096,VAN HORN HIGH,INDEPENDENCE 30,MO,950.0,16.63,10.16,7.0,9.476190476190476,50.8,83.14999999999999,-32.349999999999994
2017-2018,291640000840,CENTRAL ACADEMY OF EXCELLENCE,KANSAS CITY 33,MO,499.0,15.48,24.952380952380953,20.0,34.81818181818182,124.76190476190476,77.4,47.36190476190475
2017-2018,291640000844,LINCOLN COLLEGE PREP.,KANSAS CITY 33,MO,1043.0,20.34,17.03846153846154,25.666666666666668,23.074074074074073,85.19230769230771,101.7,-16.507692307692295
2017-2018,291640000860,NORTHEAST HIGH,KANSAS CITY 33,MO,664.0,17.67,24.25,21.0,36.0,121.25,88.35000000000001,32.89999999999999
2017-2018,291640000862,PASEO ACAD. OF PERFORMING ARTS,KANSAS CITY 33,MO,462.0,13.18,17.071428571428573,,22.142857142857142,85.35714285714286,65.9,19.457142857142856
2017-2018,291640000880,EAST HIGH SCHOOL,KANSAS CITY 33,MO,1145.0,16.12,28.636363636363637,16.5,40.6875,143.1818181818182,80.60000000000001,62.58181818181818
2017-2018,291640003097,SOUTHEAST HIGH SCHOOL,KANSAS CITY 33,MO,588.0,14.11,31.38888888888889,,29.666666666666668,156.94444444444446,70.55,86.39444444444446
2017-2018,291645000894,KEARNEY HIGH,KEARNEY R-I,MO,874.0,16.79,21.57894736842105,19.0,22.63157894736842,107.89473684210526,83.94999999999999,23.94473684210527
2017-2018,291645002531,KEARNEY JR. HIGH,KEARNEY R-I,MO,569.0,16.68,18.533333333333335,,,92.66666666666667,83.4,9.266666666666666
2017-2018,291822000962,LAWSON HIGH,LAWSON R-XIV,MO,397.0,17.31,19.4,11.875,18.6,97.0,86.55,10.450000000000003
2017-2018,291830000983,LEE'S SUMMIT SR. HIGH,LEE'S SUMMIT R-VII,MO,1774.0,12.73,20.854545454545455,15.857142857142858,22.09433962264151,104.27272727272728,63.650000000000006,40.622727272727275
2017-2018,291830001481,LEE'S SUMMIT NORTH HIGH,LEE'S SUMMIT R-VII,MO,1907.0,16.36,19.059701492537314,17.583333333333332,20.09433962264151,95.29850746268657,81.8,13.498507462686575
2017-2018,291830002614,HILLTOP SCHOOL,LEE'S SUMMIT R-VII,MO,23.0,6.53,,,,,32.65,
2017-2018,291830002795,LEE'S SUMMIT WEST HIGH,LEE'S SUMMIT R-VII,MO,2111.0,18.19,23.272727272727273,17.25,20.0,116.36363636363637,90.95,25.41363636363637
2017-2018,291854001011,LIBERTY HIGH,LIBERTY 53,MO,1835.0,16.23,15.462962962962964,6.384615384615385,20.527272727272727,77.31481481481482,81.15,-3.835185185185182
2017-2018,291854001665,LIBERTY ACADEMY,LIBERTY 53,MO,0.0,,5.0,,,25.0,,
2017-2018,291854002658,JUVENILE JUSTICE CTR.,LIBERTY 53,MO,0.0,,,,,,,
2017-2018,291854003148,LIBERTY NORTH HIGH SCHOOL,LIBERTY 53,MO,1868.0,17.54,25.676470588235293,5.6,18.166666666666668,128.38235294117646,87.69999999999999,40.682352941176475
2017-2018,291923001040,LONE JACK HIGH,LONE JACK C-6,MO,299.0,11.99,14.222222222222221,13.666666666666666,18.6,71.11111111111111,59.95,11.161111111111111
2017-2018,292280001284,NORTH KANSAS CITY HIGH,NORTH KANSAS CITY 74,MO,1499.0,14.6,23.636363636363637,11.695652173913043,18.711111111111112,118.18181818181819,73.0,45.18181818181819
2017-2018,292280001286,OAK PARK HIGH,NORTH KANSAS CITY 74,MO,1509.0,16.74,24.571428571428573,17.25,22.10810810810811,122.85714285714286,83.69999999999999,39.15714285714287
2017-2018,292280001293,WINNETONKA HIGH,NORTH KANSAS CITY 74,MO,1301.0,14.63,19.485714285714284,17.77777777777778,19.58974358974359,97.42857142857142,73.15,24.27857142857141
2017-2018,292280003083,STALEY HIGH,NORTH KANSAS CITY 74,MO,1599.0,17.91,24.4,17.933333333333334,25.97142857142857,122.0,89.55,32.45
2017-2018,292283001297,NORTH PLATTE HIGH,NORTH PLATTE CO. R-I,MO,155.0,9.45,12.0,12.0,13.857142857142858,60.0,47.25,12.75
2017-2018,292301001317,OAK GROVE HIGH,OAK GROVE R-VI,MO,629.0,14.99,17.166666666666668,11.444444444444445,17.714285714285715,85.83333333333334,74.95,10.88333333333334
2017-2018,292322001336,ORRICK HIGH,ORRICK R-XI,MO,138.0,9.84,19.666666666666668,5.5,11.333333333333334,98.33333333333334,49.2,49.13333333333334
2017-2018,292355001371,PARK HILL HIGH,PARK HILL,MO,1969.0,15.9,23.875,24.8,25.903225806451612,119.375,79.5,39.875
2017-2018,292355002413,PARK HILL SOUTH HIGH,PARK HILL,MO,1638.0,16.03,17.651162790697676,21.294117647058822,17.416666666666668,88.25581395348837,80.15,8.105813953488365
2017-2018,292373001424,RAYMORE-PECULIAR SR. HIGH,RAYMORE-PECULIAR R-II,MO,1928.0,17.34,24.0,22.785714285714285,23.264705882352942,120.0,86.7,33.3
2017-2018,292523001456,PLATTE COUNTY HIGH,PLATTE CO. R-III,MO,1204.0,17.51,19.789473684210527,22.083333333333332,20.37142857142857,98.94736842105263,87.55000000000001,11.397368421052619
2017-2018,292533001461,PLEASANT HILL HIGH,PLEASANT HILL R-III,MO,677.0,16.12,19.142857142857142,16.25,19.2,95.71428571428571,80.60000000000001,15.1142857142857
2017-2018,292607001515,HERNDON CAREER CTR.,RAYTOWN C-2,MO,0.0,,,,,,,
2017-2018,292607001525,RAYTOWN SR. HIGH,RAYTOWN C-2,MO,1494.0,16.85,13.836363636363636,15.25,16.75,69.18181818181819,84.25,-15.068181818181813
2017-2018,292607001526,RAYTOWN SOUTH SR. HIGH,RAYTOWN C-2,MO,1215.0,16.07,12.976744186046512,1.0,15.590909090909092,64.88372093023256,80.35,-15.466279069767438
2017-2018,292648001554,RICHMOND HIGH,RICHMOND R-XVI,MO,434.0,15.1,17.23076923076923,21.0,20.125,86.15384615384615,75.5,10.653846153846146
2017-2018,292841001754,SMITHVILLE HIGH,SMITHVILLE R-II,MO,865.0,17.42,26.333333333333332,16.25,21.470588235294116,131.66666666666666,87.10000000000001,44.56666666666665
2017-2018,293171002220,WEST PLATTE HIGH,WEST PLATTE CO. R-II,MO,269.0,9.58,11.4,8.333333333333334,11.5,57.0,47.9,9.100000000000001
2017-2018,293180002224,MIDWAY HIGH,MIDWAY R-I,MO,207.0,10.7,10.3,5.0,12.428571428571429,51.5,53.5,-2.0
2020-2021,200001801751,School for Blind High,School for Blind,KS,21.0,2.72,7.0,,,35.0,13.600000000000001,21.4
2020-2021,200001901753,School for Deaf High,School for Deaf,KS,52.0,3.35,5.5,,3.0,27.5,16.75,10.75
2020-2021,200378001186,Basehor-Linwood High School,Basehor-Linwood,KS,897.0,17.94,17.0,14.777777777777779,20.863636363636363,85.0,89.7,-4.700000000000003
2020-2021,200405000031,Bonner Springs High,Bonner Springs,KS,864.0,15.96,9.172413793103448,17.0,7.816326530612245,45.86206896551724,79.80000000000001,-33.93793103448277
2020-2021,200549000127,De Soto  High  School,De Soto,KS,1009.0,16.68,15.0,19.735294117647058,16.473684210526315,75.0,83.4,-8.400000000000006
2020-2021,200549001723,Mill Valley High School,De Soto,KS,1319.0,15.89,15.533333333333333,19.804878048780488,17.325,77.66666666666667,79.45,-1.7833333333333314
2020-2021,200564001131,Pleasant Ridge High,Easton,KS,216.0,12.71,1.0,1.1666666666666667,12.833333333333334,5.0,63.550000000000004,-58.550000000000004
2020-2021,200642000122,Gardner Edgerton High,Gardner Edgerton,KS,1697.0,14.08,17.5,26.9,17.24390243902439,87.5,70.4,17.099999999999994
2020-2021,200795001419,Sumner Academy of Arts & Science,Kansas City,KS,1123.0,19.36,16.566666666666666,20.545454545454547,22.416666666666668,82.83333333333333,96.8,-13.966666666666669
2020-2021,200795001420,Wyandotte High,Kansas City,KS,1677.0,16.9,19.415730337078653,1.0,21.666666666666668,97.07865168539327,84.5,12.578651685393268
2020-2021,200795001423,J C Harmon High,Kansas City,KS,1408.0,16.9,23.303571428571427,12.2,21.666666666666668,116.51785714285714,84.5,32.01785714285714
2020-2021,200795001425,F L Schlagle High,Kansas City,KS,879.0,14.13,21.275,17.0,20.217391304347824,106.375,70.65,35.724999999999994
2020-2021,200795001433,Washington High,Kansas City,KS,1083.0,14.21,23.41860465116279,22.0,17.516129032258064,117.09302325581396,71.05000000000001,46.04302325581395
2020-2021,200795002094,Fairfax Learning Center,Kansas City,KS,58.0,4.83,,,12.0,,24.15,
2020-2021,200795002097,500 Reach,Kansas City,KS,167.0,,18.0,11.0,8.0,90.0,,
2020-2021,200834001230,Lansing High 9-12,Lansing,KS,870.0,18.09,15.325,20.75,25.285714285714285,76.625,90.45,-13.825000000000003
2020-2021,200843001157,Leavenworth Sr High,Leavenworth,KS,1270.0,17.89,23.366666666666667,16.5,23.263157894736842,116.83333333333334,89.45,27.38333333333334
2020-2021,200897000983,Louisburg High,Louisburg,KS,507.0,14.28,9.694444444444445,2.5,10.5,48.47222222222222,71.39999999999999,-22.92777777777777
2020-2021,201014000040,Olathe East Sr High,Olathe,KS,1957.0,16.68,11.791044776119403,13.1875,12.157894736842104,58.95522388059702,83.4,-24.444776119402988
2020-2021,201014000137,Olathe North Sr High,Olathe,KS,2126.0,16.7,10.652777777777779,12.0,13.884057971014492,53.26388888888889,83.5,-30.236111111111107
2020-2021,201014001602,Olathe South Sr High,Olathe,KS,1939.0,16.13,11.746031746031745,11.195652173913043,11.85483870967742,58.73015873015873,80.64999999999999,-21.919841269841264
2020-2021,201014001793,Olathe Northwest High School,Olathe,KS,1859.0,17.01,10.603174603174603,13.5625,12.321428571428571,53.01587301587301,85.05000000000001,-32.034126984127
2020-2021,201014002088,Olathe West High School,Olathe,KS,1636.0,16.94,11.26984126984127,10.488888888888889,12.604651162790697,56.349206349206355,84.7,-28.350793650793648
2020-2021,201026000774,Osawatomie High,Osawatomie,KS,310.0,11.07,12.75,5.75,10.857142857142858,63.75,55.35,8.399999999999999
2020-2021,201050000779,Paola High,Paola,KS,590.0,15.32,12.461538461538462,18.428571428571427,12.7,62.30769230769231,76.6,-14.292307692307688
2020-2021,201068000026,Piper High,Piper-Kansas City,KS,731.0,14.92,29.470588235294116,12.333333333333334,25.714285714285715,147.35294117647058,74.6,72.75294117647059
2020-2021,201164001574,Shawnee Mission East High,Shawnee Mission Pub Sch,KS,1725.0,17.84,23.72222222222222,21.0,24.548387096774192,118.61111111111111,89.2,29.41111111111111
2020-2021,201164001575,Shawnee Mission North High,Shawnee Mission Pub Sch,KS,1584.0,15.3,23.466666666666665,19.333333333333332,23.29032258064516,117.33333333333333,76.5,40.83333333333333
2020-2021,201164001576,Shawnee Mission Northwest High,Shawnee Mission Pub Sch,KS,1666.0,17.28,23.325581395348838,17.42105263157895,22.727272727272727,116.62790697674419,86.4,30.22790697674418
2020-2021,201164001577,Shawnee Mission South High,Shawnee Mission Pub Sch,KS,1510.0,17.22,22.102564102564102,23.533333333333335,23.714285714285715,110.51282051282051,86.1,24.412820512820517
2020-2021,201164001578,Shawnee Mission West High,Shawnee Mission Pub Sch,KS,1662.0,16.28,27.52777777777778,21.071428571428573,25.416666666666668,137.63888888888889,81.4,56.23888888888888
2020-2021,201185000118,Spring Hill High School,Spring Hill,KS,892.0,15.38,14.093023255813954,13.4,15.947368421052632,70.46511627906978,76.9,-6.43488372093023
2020-2021,201185001918,Insight School of KS at Hilltop Ed Center,Spring Hill,KS,1254.0,32.7,68.16666666666667,10.0,16.6,340.83333333333337,163.5,177.33333333333337
2020-2021,201200000112,Blue Valley High,Blue Valley,KS,1572.0,19.65,14.546875,15.794117647058824,14.808510638297872,72.734375,98.25,-25.515625
2020-2021,201200000541,Blue Valley Northwest High,Blue Valley,KS,1580.0,20.95,16.14814814814815,15.179487179487179,17.523809523809526,80.74074074074075,104.75,-24.009259259259252
2020-2021,201200001533,Blue Valley West High,Blue Valley,KS,1595.0,20.34,14.516129032258064,14.951219512195122,18.214285714285715,72.58064516129032,101.7,-29.119354838709683
2020-2021,201200001644,Blue Valley North High,Blue Valley,KS,1501.0,20.28,14.813559322033898,13.76923076923077,13.89795918367347,74.0677966101695,101.4,-27.33220338983051
2020-2021,201200001990,Blue Valley Southwest High School,Blue Valley,KS,1075.0,16.72,14.136363636363637,12.46875,15.787878787878787,70.68181818181819,83.6,-12.918181818181807
2020-2021,201221001205,Tonganoxie High,Tonganoxie,KS,619.0,13.36,11.142857142857142,13.833333333333334,14.894736842105264,55.71428571428571,66.8,-11.085714285714289
2020-2021,201236000024,Turner High,Turner-Kansas City,KS,1114.0,15.2,28.25,12.0,29.63157894736842,141.25,76.0,65.25
2020-2021,290000901270,NORTHWEST REG. YOUTH CTR.,DIVISION OF YOUTH SERVICE,MO,25.0,3.57,8.333333333333334,,17.0,41.66666666666667,17.849999999999998,23.816666666666674
2020-2021,290000901285,LANGSFORD HOUSE,DIVISION OF YOUTH SERVICE,MO,6.0,4.0,3.0,,5.0,15.0,20.0,-5.0
2020-2021,290000901287,ALTERNATIVE RESOURCE CTR.,DIVISION OF YOUTH SERVICE,MO,9.0,4.5,3.0,,4.0,15.0,22.5,-7.5
2020-2021,290000901289,WATKINS MILL PARK CAMP,DIVISION OF YOUTH SERVICE,MO,35.0,5.0,19.0,,24.0,95.0,25.0,70.0
2020-2021,290001402743,HOGAN PREPARATORY ACADEMY,HOGAN PREPARATORY ACADEMY,MO,364.0,12.13,40.5,,48.25,202.5,60.650000000000006,141.85
2020-2021,290002503233,ALLEN VILLAGE HIGH SCHOOL,ALLEN VILLAGE,MO,164.0,14.96,12.25,10.333333333333334,19.5,61.25,74.80000000000001,-13.550000000000011
2020-2021,290002702808,UNIVERSITY ACADEMY-UPPER,UNIVERSITY ACADEMY,MO,227.0,10.91,11.538461538461538,12.166666666666666,19.5,57.69230769230769,54.55,3.1423076923076962
2020-2021,290002902741,GUADALUPE CENTERS HIGH SCHOOL,GUADALUPE CENTERS SCHOOLS,MO,414.0,13.14,7.758620689655173,,19.77777777777778,38.793103448275865,65.7,-26.906896551724138
2020-2021,290059003181,FRONTIER SCHL OF EXCELLENCE-U,FRONTIER SCHOOLS,MO,180.0,7.78,21.5,,22.75,107.5,38.9,68.6
2020-2021,290059003232,FRONTIER STEM HIGH SCHOOL,FRONTIER SCHOOLS,MO,367.0,12.4,21.384615384615383,10.0,19.5,106.92307692307692,62.0,44.92307692307692
2020-2021,290059303176,DeLaSalle Charter High School,DELASALLE CHARTER SCHOOL,MO,162.0,15.59,7.7272727272727275,,7.444444444444445,38.63636363636364,77.95,-39.31363636363636
2020-2021,290059703277,EWING MARION KAUFFMAN HIGH,EWING MARION KAUFFMAN SCHOOL,MO,414.0,11.5,29.5,22.0,29.571428571428573,147.5,57.5,90.0
2020-2021,290060303311,CROSSROADS PREPARATORY ACADEMY,CROSSROADS CHARTER SCHOOLS,MO,398.0,10.96,12.6,8.5,17.4,63.0,54.800000000000004,8.199999999999996
2020-2021,290320000025,ARCHIE HIGH,ARCHIE R-V,MO,282.0,13.44,7.583333333333333,9.5,8.0,37.916666666666664,67.2,-29.28333333333334
2020-2021,290462000055,BELTON HIGH,BELTON 124,MO,1447.0,17.22,12.836363636363636,11.545454545454545,13.0,64.18181818181819,86.1,-21.918181818181807
2020-2021,290531000085,BLUE SPRINGS HIGH,BLUE SPRINGS R-IV,MO,2425.0,22.7,9.931372549019608,10.76086956521739,9.15,49.65686274509804,113.5,-63.84313725490196
2020-2021,290531000170,BLUE SPRINGS SOUTH HIGH,BLUE SPRINGS R-IV,MO,2152.0,18.31,10.86259541984733,10.842105263157896,11.024,54.31297709923665,91.55,-37.23702290076335
2020-2021,290531000200,VALLEY VIEW HIGH,BLUE SPRINGS R-IV,MO,0.0,,8.0,,8.333333333333334,40.0,,
2020-2021,290531002735,BLUE SPRINGS HIGH SCHOOL CAMPU,BLUE SPRINGS R-IV,MO,0.0,,11.173076923076923,,10.389830508474576,55.86538461538461,,
2020-2021,290825000225,CENTER SR. HIGH,CENTER 58,MO,692.0,11.67,21.142857142857142,11.875,20.071428571428573,105.71428571428571,58.35,47.36428571428571
2020-2021,290825002810,CENTER ALTERNATIVE,CENTER 58,MO,0.0,,13.5,,19.0,67.5,,
2020-2021,291032000335,SHERWOOD HIGH,SHERWOOD CASS R-VIII,MO,257.0,13.88,33.666666666666664,7.666666666666667,25.0,168.33333333333331,69.4,98.93333333333331
2020-2021,291107000379,DREXEL HIGH,DREXEL R-IV,MO,132.0,8.18,8.25,1.0,14.0,41.25,40.9,0.3500000000000014
2020-2021,291165000071,EXCELSIOR SPRINGS TECH. HIGH,EXCELSIOR SPRINGS 40,MO,140.0,4.83,,,,,24.15,
2020-2021,291165000420,EXCELSIOR SPRINGS HIGH,EXCELSIOR SPRINGS 40,MO,765.0,15.8,16.03030303030303,7.0,16.952380952380953,80.15151515151516,79.0,1.1515151515151558
2020-2021,291229000496,FORT OSAGE HIGH,FORT OSAGE R-I,MO,1499.0,18.77,15.507936507936508,11.523809523809524,13.342857142857143,77.53968253968254,93.85,-16.31031746031745
2020-2021,291308000546,GRAIN VALLEY HIGH,GRAIN VALLEY R-V,MO,1413.0,17.97,30.73076923076923,21.64,25.470588235294116,153.65384615384616,89.85,63.803846153846166
2020-2021,291314000556,GRANDVIEW SR. HIGH,GRANDVIEW C-4,MO,1150.0,16.67,22.615384615384617,6.666666666666667,16.176470588235293,113.07692307692308,83.35000000000001,29.72692307692307
2020-2021,291368000597,HARDIN-CENTRAL HIGH,HARDIN-CENTRAL C-2,MO,109.0,14.21,10.666666666666666,3.0,28.0,53.33333333333333,71.05000000000001,-17.716666666666683
2020-2021,291376000605,HARRISONVILLE HIGH,HARRISONVILLE R-IX,MO,778.0,15.87,18.25,10.0,16.764705882352942,91.25,79.35,11.900000000000006
2020-2021,291434003156,RUSKIN HIGH SCHOOL,HICKMAN MILLS C-1,MO,1240.0,13.12,20.782608695652176,9.4,20.04,103.91304347826087,65.6,38.31304347826088
2020-2021,291548000722,TRUMAN HIGH,INDEPENDENCE 30,MO,1562.0,17.9,9.336065573770492,5.9,8.192660550458715,46.68032786885246,89.5,-42.81967213114754
2020-2021,291548000724,WILLIAM CHRISMAN HIGH,INDEPENDENCE 30,MO,1461.0,19.25,9.825688073394495,5.473684210526316,8.358490566037736,49.12844036697248,96.25,-47.12155963302752
2020-2021,291548001707,INDEPENDENCE ACADEMY,INDEPENDENCE 30,MO,0.0,,,,,,,
2020-2021,291548003096,VAN HORN HIGH,INDEPENDENCE 30,MO,1083.0,18.6,9.318181818181818,9.416666666666666,7.892857142857143,46.59090909090909,93.0,-46.40909090909091
2020-2021,291640000840,CENTRAL HIGH SCHOOL,KANSAS CITY 33,MO,515.0,13.27,48.27272727272727,,39.09090909090909,241.36363636363637,66.35,175.01363636363638
2020-2021,291640000844,LINCOLN COLLEGE PREP.,KANSAS CITY 33,MO,974.0,21.49,19.541666666666668,39.125,33.89473684210526,97.70833333333334,107.44999999999999,-9.741666666666646
2020-2021,291640000860,NORTHEAST HIGH,KANSAS CITY 33,MO,577.0,13.9,22.25,,24.7,111.25,69.5,41.75
2020-2021,291640000862,PASEO ACAD. OF PERFORMING ARTS,KANSAS CITY 33,MO,604.0,13.89,11.368421052631579,13.0,20.25,56.84210526315789,69.45,-12.607894736842113
2020-2021,291640000880,EAST HIGH SCHOOL,KANSAS CITY 33,MO,985.0,13.66,26.772727272727273,11.0,25.444444444444443,133.86363636363637,68.3,65.56363636363638
2020-2021,291640002608,MANUAL CAREER  TECH. CTR.,KANSAS CITY 33,MO,0.0,,,,,,,
2020-2021,291640003097,SOUTHEAST HIGH SCHOOL,KANSAS CITY 33,MO,528.0,14.39,21.272727272727273,21.0,10.875,106.36363636363637,71.95,34.41363636363637
2020-2021,291645000894,KEARNEY HIGH,KEARNEY R-I,MO,838.0,16.07,11.92,8.4,13.678571428571429,59.6,80.35,-20.749999999999993
2020-2021,291645002531,KEARNEY JR. HIGH,KEARNEY R-I,MO,558.0,16.65,17.733333333333334,,,88.66666666666667,83.25,5.416666666666671
2020-2021,291822000962,LAWSON HIGH,LAWSON R-XIV,MO,339.0,14.72,15.555555555555555,11.8,15.625,77.77777777777777,73.60000000000001,4.177777777777763
2020-2021,291830000983,LEE'S SUMMIT SR. HIGH,LEE'S SUMMIT R-VII,MO,1864.0,13.48,11.80952380952381,11.764705882352942,15.0,59.04761904761905,67.4,-8.352380952380955
2020-2021,291830001481,LEE'S SUMMIT NORTH HIGH,LEE'S SUMMIT R-VII,MO,1913.0,16.29,16.129032258064516,10.369565217391305,16.285714285714285,80.64516129032258,81.44999999999999,-0.8048387096774121
2020-2021,291830002614,HILLTOP SCHOOL,LEE'S SUMMIT R-VII,MO,20.0,5.0,,,,,25.0,
2020-2021,291830002795,LEE'S SUMMIT WEST HIGH,LEE'S SUMMIT R-VII,MO,2124.0,17.88,20.17391304347826,13.578947368421053,15.227272727272727,100.86956521739131,89.39999999999999,11.46956521739132
2020-2021,291854001011,LIBERTY HIGH,LIBERTY 53,MO,1991.0,16.74,22.47887323943662,12.931034482758621,25.486486486486488,112.3943661971831,83.69999999999999,28.694366197183115
2020-2021,291854001665,LIBERTY ACADEMY,LIBERTY 53,MO,0.0,,4.5,,1.0,22.5,,
2020-2021,291854002658,JUVENILE JUSTICE CTR.,LIBERTY 53,MO,0.0,,,,,,,
2020-2021,291854003148,LIBERTY NORTH HIGH SCHOOL,LIBERTY 53,MO,2238.0,18.61,27.03030303030303,15.178571428571429,15.49367088607595,135.15151515151516,93.05,42.10151515151516
2020-2021,291923001040,LONE JACK HIGH,LONE JACK C-6,MO,383.0,13.78,10.833333333333334,19.0,15.285714285714286,54.16666666666667,68.89999999999999,-14.73333333333332
2020-2021,292280001284,NORTH KANSAS CITY HIGH,NORTH KANSAS CITY 74,MO,1597.0,15.38,8.38135593220339,17.615384615384617,7.0,41.90677966101695,76.9,-34.99322033898306
2020-2021,292280001286,OAK PARK HIGH,NORTH KANSAS CITY 74,MO,1657.0,18.19,9.193548387096774,18.727272727272727,7.0,45.96774193548387,90.95,-44.98225806451613
2020-2021,292280001293,WINNETONKA HIGH,NORTH KANSAS CITY 74,MO,1185.0,13.05,8.091954022988507,18.25,7.675438596491228,40.45977011494253,65.25,-24.79022988505747
2020-2021,292280003083,STALEY HIGH,NORTH KANSAS CITY 74,MO,1786.0,19.22,11.092783505154639,20.307692307692307,10.774193548387096,55.4639175257732,96.1,-40.6360824742268
2020-2021,292283001297,NORTH PLATTE HIGH,NORTH PLATTE CO. R-I,MO,179.0,11.08,16.75,8.0,14.833333333333334,83.75,55.4,28.35
2020-2021,292301001317,OAK GROVE HIGH,OAK GROVE R-VI,MO,585.0,13.44,9.846153846153847,10.875,12.722222222222221,49.23076923076923,67.2,-17.96923076923077
2020-2021,292322001336,ORRICK HIGH,ORRICK R-XI,MO,128.0,9.12,14.0,2.5,6.0,70.0,45.599999999999994,24.400000000000006
2020-2021,292355001371,PARK HILL HIGH,PARK HILL,MO,1909.0,16.59,18.85,19.63157894736842,20.772727272727273,94.25,82.95,11.299999999999997
2020-2021,292355002413,PARK HILL SOUTH HIGH,PARK HILL,MO,1803.0,18.5,21.636363636363637,18.31578947368421,22.4,108.18181818181819,92.5,15.681818181818187
2020-2021,292355003313,LEAD INNOVATION STUDIO,PARK HILL,MO,0.0,,18.63157894736842,18.0,26.555555555555557,93.15789473684211,,
2020-2021,292373001424,RAYMORE-PECULIAR SR. HIGH,RAYMORE-PECULIAR R-II,MO,2045.0,17.38,11.053846153846154,10.391891891891891,12.027272727272727,55.26923076923077,86.89999999999999,-31.630769230769225
2020-2021,292523001456,PLATTE COUNTY HIGH,PLATTE CO. R-III,MO,1310.0,16.84,15.636363636363637,15.470588235294118,21.25,78.18181818181819,84.2,-6.018181818181816
2020-2021,292533001461,PLEASANT HILL HIGH,PLEASANT HILL R-III,MO,676.0,15.76,11.304347826086957,11.625,6.9523809523809526,56.52173913043478,78.8,-22.278260869565216
2020-2021,292607001515,HERNDON CAREER CTR.,RAYTOWN C-2,MO,0.0,,,,,,,
2020-2021,292607001525,RAYTOWN SR. HIGH,RAYTOWN C-2,MO,1457.0,17.68,15.875,12.2,17.03448275862069,79.375,88.4,-9.025000000000006
2020-2021,292607001526,RAYTOWN SOUTH SR. HIGH,RAYTOWN C-2,MO,1177.0,17.28,16.17391304347826,12.428571428571429,18.681818181818183,80.86956521739131,86.4,-5.530434782608694
2020-2021,292648001554,RICHMOND HIGH,RICHMOND R-XVI,MO,418.0,14.91,27.142857142857142,10.666666666666666,29.428571428571427,135.71428571428572,74.55,61.164285714285725
2020-2021,292841001754,SMITHVILLE HIGH,SMITHVILLE R-II,MO,930.0,17.79,18.5625,13.0625,14.03125,92.8125,88.94999999999999,3.8625000000000114
2020-2021,293171002220,WEST PLATTE HIGH,WEST PLATTE CO. R-II,MO,297.0,11.33,6.764705882352941,5.0,8.117647058823529,33.8235294117647,56.65,-22.826470588235296
2020-2021,293180002224,MIDWAY HIGH,MIDWAY R-I,MO,190.0,12.39,10.0,9.0,12.8,50.0,61.95,-11.950000000000003
2021-2022,200001801751,School for Blind High,School for Blind,KS,13.0,,19.0,,,95.0,,
2021-2022,200001901753,School for Deaf High,School for Deaf,KS,46.0,3.17,3.0,,3.5,15.0,15.85,-0.8499999999999996
2021-2022,200378001186,Basehor-Linwood High School,Basehor-Linwood,KS,819.0,17.86,10.8,9.2,10.630434782608695,54.0,89.3,-35.3
2021-2022,200405000031,Bonner Springs High,Bonner Springs,KS,802.0,14.81,10.461538461538462,18.6,8.823529411764707,52.30769230769231,74.05,-21.74230769230769
2021-2022,200549000127,De Soto  High  School,De Soto,KS,976.0,16.39,10.71875,22.642857142857142,15.69767441860465,53.59375,81.95,-28.356250000000003
2021-2022,200549001723,Mill Valley High School,De Soto,KS,1317.0,16.07,12.325,20.666666666666668,17.51063829787234,61.625,80.35,-18.724999999999994
2021-2022,200564001131,Pleasant Ridge High,Easton,KS,186.0,12.24,13.444444444444445,9.0,16.4,67.22222222222223,61.2,6.022222222222226
2021-2022,200642000122,Gardner Edgerton High,Gardner Edgerton,KS,1736.0,14.6,21.448979591836736,18.142857142857142,18.5531914893617,107.24489795918367,73.0,34.244897959183675
2021-2022,200795001419,Sumner Academy of Arts & Science,Kansas City,KS,999.0,16.38,15.166666666666666,19.545454545454547,20.02777777777778,75.83333333333333,81.89999999999999,-6.066666666666663
2021-2022,200795001420,Wyandotte High,Kansas City,KS,1833.0,17.46,18.942528735632184,12.875,21.186046511627907,94.71264367816092,87.30000000000001,7.412643678160904
2021-2022,200795001423,J C Harmon High,Kansas City,KS,1329.0,16.36,21.5625,8.5,22.033333333333335,107.8125,81.8,26.012500000000003
2021-2022,200795001425,F L Schlagle High,Kansas City,KS,797.0,13.72,19.457142857142856,14.5,17.45,97.28571428571428,68.60000000000001,28.68571428571427
2021-2022,200795001433,Washington High,Kansas City,KS,1120.0,15.23,20.80952380952381,7.5,19.392857142857142,104.04761904761905,76.15,27.897619047619045
2021-2022,200795002094,Fairfax Learning Center,Kansas City,KS,62.0,10.33,9.875,,7.5,49.375,51.65,-2.2749999999999986
2021-2022,200795002097,500 Reach,Kansas City,KS,112.0,,9.727272727272727,3.0,8.0,48.63636363636363,,
2021-2022,200834001230,Lansing High 9-12,Lansing,KS,872.0,18.51,12.708333333333334,9.666666666666666,21.055555555555557,63.54166666666667,92.55000000000001,-29.00833333333334
2021-2022,200843001157,Leavenworth Sr High,Leavenworth,KS,1279.0,18.4,14.515151515151516,21.25,21.428571428571427,72.57575757575758,92.0,-19.424242424242422
2021-2022,200897000983,Louisburg High,Louisburg,KS,573.0,15.7,11.26086956521739,5.0,11.0,56.30434782608695,78.5,-22.195652173913047
2021-2022,200897002153,Louisburg Virtual Program,Louisburg,KS,26.0,,,,1.0,,,
2021-2022,201014000040,Olathe East Sr High,Olathe,KS,1885.0,13.55,14.6,15.19047619047619,17.253521126760564,73.0,67.75,5.25
2021-2022,201014000137,Olathe North Sr High,Olathe,KS,2093.0,14.67,15.0,8.32,13.927710843373495,75.0,73.35,1.6500000000000057
2021-2022,201014001602,Olathe South Sr High,Olathe,KS,1944.0,14.95,13.30232558139535,19.03846153846154,13.680555555555555,66.51162790697674,74.75,-8.238372093023258
2021-2022,201014001793,Olathe Northwest High School,Olathe,KS,1908.0,14.79,17.90277777777778,13.291666666666666,17.405405405405407,89.51388888888889,73.94999999999999,15.563888888888897
2021-2022,201014002088,Olathe West High School,Olathe,KS,1622.0,13.73,17.114754098360656,10.875,19.574074074074073,85.57377049180329,68.65,16.923770491803282
2021-2022,201026000774,Osawatomie High,Osawatomie,KS,291.0,10.3,14.75,6.333333333333333,12.571428571428571,73.75,51.5,22.25
2021-2022,201026002145,Osawatomie Virtual School,Osawatomie,KS,15.0,,4.666666666666667,,2.875,23.333333333333336,,
2021-2022,201050000779,Paola High,Paola,KS,569.0,14.22,,,12.65,,71.10000000000001,
2021-2022,201068000026,Piper High,Piper-Kansas City,KS,725.0,15.43,18.5,23.166666666666668,22.785714285714285,92.5,77.15,15.349999999999994
2021-2022,201164001574,Shawnee Mission East High,Shawnee Mission Pub Sch,KS,1676.0,17.24,22.365853658536587,27.727272727272727,18.875,111.82926829268294,86.19999999999999,25.62926829268295
2021-2022,201164001575,Shawnee Mission North High,Shawnee Mission Pub Sch,KS,1510.0,14.38,23.571428571428573,26.0,21.22222222222222,117.85714285714286,71.9,45.957142857142856
2021-2022,201164001576,Shawnee Mission Northwest High,Shawnee Mission Pub Sch,KS,1665.0,16.73,24.097560975609756,23.210526315789473,20.08823529411765,120.48780487804878,83.65,36.83780487804877
2021-2022,201164001577,Shawnee Mission South High,Shawnee Mission Pub Sch,KS,1512.0,16.07,21.738095238095237,23.75,21.64,108.69047619047619,80.35,28.340476190476195
2021-2022,201164001578,Shawnee Mission West High,Shawnee Mission Pub Sch,KS,1642.0,15.93,23.022222222222222,24.0,20.178571428571427,115.11111111111111,79.65,35.46111111111111
2021-2022,201185000118,Spring Hill High School,Spring Hill,KS,961.0,14.9,17.696969696969695,14.5,22.88888888888889,88.48484848484847,74.5,13.98484848484847
2021-2022,201185001918,Insight School of KS at Hilltop Ed Center,Spring Hill,KS,992.0,24.46,72.5,7.0,66.5,362.5,122.30000000000001,240.2
2021-2022,201200000112,Blue Valley High,Blue Valley,KS,1487.0,17.94,15.777777777777779,12.575,15.666666666666666,78.88888888888889,89.7,-10.811111111111117
2021-2022,201200000541,Blue Valley Northwest High,Blue Valley,KS,1569.0,19.06,15.596491228070175,11.382978723404255,13.405797101449275,77.98245614035088,95.3,-17.31754385964912
2021-2022,201200001533,Blue Valley West High,Blue Valley,KS,1654.0,17.9,19.829787234042552,12.409090909090908,15.080645161290322,99.14893617021276,89.5,9.648936170212764
2021-2022,201200001644,Blue Valley North High,Blue Valley,KS,1531.0,17.42,14.096774193548388,10.25531914893617,13.119402985074627,70.48387096774194,87.10000000000001,-16.616129032258073
2021-2022,201200001990,Blue Valley Southwest High School,Blue Valley,KS,1071.0,16.92,21.785714285714285,13.758620689655173,14.73913043478261,108.92857142857142,84.60000000000001,24.328571428571408
2021-2022,201221001205,Tonganoxie High,Tonganoxie,KS,599.0,12.37,14.09375,15.11111111111111,14.428571428571429,70.46875,61.849999999999994,8.618750000000006
2021-2022,201236000024,Turner High,Turner-Kansas City,KS,1153.0,15.56,15.108695652173912,7.25,18.636363636363637,75.54347826086956,77.8,-2.2565217391304344
2021-2022,201236002119,Beyond the Bell,Turner-Kansas City,KS,13.0,,2.0,,2.0,10.0,,
2021-2022,290000901270,NORTHWEST REG. YOUTH CTR.,DIVISION OF YOUTH SERVICE,MO,26.0,3.71,10.5,,4.0,52.5,18.55,33.95
2021-2022,290000901285,LANGSFORD HOUSE,DIVISION OF YOUTH SERVICE,MO,6.0,4.0,1.5,,1.0,7.5,20.0,-12.5
2021-2022,290000901287,ALTERNATIVE RESOURCE CTR.,DIVISION OF YOUTH SERVICE,MO,6.0,6.0,4.0,,6.0,20.0,30.0,-10.0
2021-2022,290000901289,WATKINS MILL PARK CAMP,DIVISION OF YOUTH SERVICE,MO,41.0,10.25,13.5,,4.0,67.5,51.25,16.25
2021-2022,290001402743,HOGAN PREPARATORY ACADEMY,HOGAN PREPARATORY ACADEMY,MO,358.0,10.53,14.307692307692308,4.0,14.75,71.53846153846155,52.65,18.88846153846155
2021-2022,290001703394,ACADEMIE LAFAYETTE ARMOUR IHS,ACADEMIE LAFAYETTE,MO,,,9.6,,16.333333333333332,48.0,,
2021-2022,290002503233,ALLEN VILLAGE HIGH SCHOOL,ALLEN VILLAGE,MO,155.0,12.86,7.375,7.5,15.4,36.875,64.3,-27.424999999999997
2021-2022,290002702808,UNIVERSITY ACADEMY-UPPER,UNIVERSITY ACADEMY,MO,235.0,12.77,12.818181818181818,13.833333333333334,23.0,64.0909090909091,63.849999999999994,0.24090909090909918
2021-2022,290002902741,GUADALUPE CENTERS HIGH SCHOOL,GUADALUPE CENTERS SCHOOLS,MO,422.0,13.19,17.666666666666668,19.0,11.0,88.33333333333334,65.95,22.38333333333334
2021-2022,290003103395,KIPP KC LEGACY HIGH SCHOOL,KIPP: ENDEAVOR ACADEMY,MO,,,26.25,,,131.25,,
2021-2022,290059003181,FRONTIER SCHL OF EXCELLENCE-U,FRONTIER SCHOOLS,MO,196.0,8.9,40.0,,40.0,200.0,44.5,155.5
2021-2022,290059003232,FRONTIER STEM HIGH SCHOOL,FRONTIER SCHOOLS,MO,381.0,12.39,26.22222222222222,2.0,64.33333333333333,131.11111111111111,61.95,69.16111111111111
2021-2022,290059303176,DeLaSalle Charter High School,DELASALLE CHARTER SCHOOL,MO,186.0,18.69,10.416666666666666,,28.666666666666668,52.08333333333333,93.45,-41.366666666666674
2021-2022,290059703277,EWING MARION KAUFFMAN HIGH,EWING MARION KAUFFMAN SCHOOL,MO,2.0,0.06,26.666666666666668,27.0,28.666666666666668,133.33333333333334,0.3,133.03333333333333
2021-2022,290060303311,CROSSROADS PREPARATORY ACADEMY,CROSSROADS CHARTER SCHOOLS,MO,449.0,10.37,18.555555555555557,9.0,19.2,92.77777777777779,51.849999999999994,40.92777777777779
2021-2022,290320000025,ARCHIE HIGH,ARCHIE R-V,MO,278.0,12.76,12.375,11.5,16.25,61.875,63.8,-1.9249999999999972
2021-2022,290462000055,BELTON HIGH,BELTON 124,MO,1410.0,15.7,14.432835820895523,10.363636363636363,13.0,72.16417910447761,78.5,-6.335820895522389
2021-2022,290531000085,BLUE SPRINGS HIGH,BLUE SPRINGS R-IV,MO,2449.0,22.26,20.0,20.59090909090909,18.694444444444443,100.0,111.30000000000001,-11.300000000000011
2021-2022,290531000170,BLUE SPRINGS SOUTH HIGH,BLUE SPRINGS R-IV,MO,2248.0,18.78,21.734375,23.8,21.678571428571427,108.671875,93.9,14.771874999999994
2021-2022,290531000200,VALLEY VIEW HIGH,BLUE SPRINGS R-IV,MO,0.0,,13.75,,15.0,68.75,,
2021-2022,290531002735,BLUE SPRINGS HIGH SCHOOL CAMPU,BLUE SPRINGS R-IV,MO,0.0,,24.791666666666668,,20.7,123.95833333333334,,
2021-2022,290825000225,CENTER SR. HIGH,CENTER 58,MO,727.0,11.71,15.071428571428571,15.833333333333334,18.0,75.35714285714286,58.550000000000004,16.807142857142857
2021-2022,290825002810,CENTER ALTERNATIVE,CENTER 58,MO,0.0,,11.0,,22.0,55.0,,
2021-2022,291032000335,SHERWOOD HIGH,SHERWOOD CASS R-VIII,MO,250.0,13.1,10.785714285714286,5.2,12.428571428571429,53.92857142857143,65.5,-11.57142857142857
2021-2022,291107000379,DREXEL HIGH,DREXEL R-IV,MO,141.0,9.62,1.0,1.0,1.0,5.0,48.099999999999994,-43.099999999999994
2021-2022,291165000071,EXCELSIOR SPRINGS TECH. HIGH,EXCELSIOR SPRINGS 40,MO,39.0,1.77,,,,,8.85,
2021-2022,291165000420,EXCELSIOR SPRINGS HIGH,EXCELSIOR SPRINGS 40,MO,794.0,16.21,19.8,32.0,22.2,99.0,81.05000000000001,17.94999999999999
2021-2022,291229000496,FORT OSAGE HIGH,FORT OSAGE R-I,MO,1528.0,18.25,15.714285714285714,16.384615384615383,12.166666666666666,78.57142857142857,91.25,-12.67857142857143
2021-2022,291308000546,GRAIN VALLEY HIGH,GRAIN VALLEY R-V,MO,1443.0,17.89,26.157894736842106,23.153846153846153,24.939393939393938,130.78947368421052,89.45,41.33947368421052
2021-2022,291314000556,GRANDVIEW SR. HIGH,GRANDVIEW C-4,MO,1084.0,16.55,22.2,17.0,14.172413793103448,111.0,82.75,28.25
2021-2022,291368000597,HARDIN-CENTRAL HIGH,HARDIN-CENTRAL C-2,MO,110.0,10.23,7.5,,8.0,37.5,51.150000000000006,-13.650000000000006
2021-2022,291376000605,HARRISONVILLE HIGH,HARRISONVILLE R-IX,MO,757.0,16.98,23.166666666666668,13.0,19.785714285714285,115.83333333333334,84.9,30.933333333333337
2021-2022,291434003156,RUSKIN HIGH SCHOOL,HICKMAN MILLS C-1,MO,1277.0,14.46,18.745098039215687,4.636363636363637,15.705882352941176,93.72549019607844,72.30000000000001,21.425490196078428
2021-2022,291548000722,TRUMAN HIGH,INDEPENDENCE 30,MO,1597.0,18.22,20.509090909090908,7.2,32.535714285714285,102.54545454545453,91.1,11.445454545454538
2021-2022,291548000724,WILLIAM CHRISMAN HIGH,INDEPENDENCE 30,MO,1470.0,17.73,21.596153846153847,9.294117647058824,34.96296296296296,107.98076923076923,88.65,19.33076923076922
2021-2022,291548003096,VAN HORN HIGH,INDEPENDENCE 30,MO,1061.0,17.51,24.606060606060606,12.9375,23.25,123.03030303030303,87.55000000000001,35.48030303030302
2021-2022,291640000840,CENTRAL HIGH SCHOOL,KANSAS CITY 33,MO,472.0,14.52,14.9,7.5,14.461538461538462,74.5,72.6,1.9000000000000057
2021-2022,291640000844,LINCOLN COLLEGE PREP.,KANSAS CITY 33,MO,996.0,22.84,27.25,19.157894736842106,22.71875,136.25,114.2,22.049999999999997
2021-2022,291640000860,NORTHEAST HIGH,KANSAS CITY 33,MO,605.0,18.06,19.571428571428573,,22.583333333333332,97.85714285714286,90.3,7.557142857142864
2021-2022,291640000862,PASEO ACAD. OF PERFORMING ARTS,KANSAS CITY 33,MO,671.0,15.79,17.38888888888889,8.333333333333334,26.0,86.94444444444444,78.94999999999999,7.994444444444454
2021-2022,291640000880,EAST HIGH SCHOOL,KANSAS CITY 33,MO,1072.0,16.49,19.64864864864865,11.0,14.735294117647058,98.24324324324324,82.44999999999999,15.793243243243253
2021-2022,291640003097,SOUTHEAST HIGH SCHOOL,KANSAS CITY 33,MO,467.0,17.62,15.88888888888889,13.0,17.7,79.44444444444444,88.10000000000001,-8.655555555555566
2021-2022,291645000894,KEARNEY HIGH,KEARNEY R-I,MO,832.0,16.17,11.15,4.0,8.86111111111111,55.75,80.85000000000001,-25.10000000000001
2021-2022,291645002531,KEARNEY JR. HIGH,KEARNEY R-I,MO,558.0,16.01,6.973684210526316,,,34.86842105263158,80.05000000000001,-45.18157894736843
2021-2022,291822000962,LAWSON HIGH,LAWSON R-XIV,MO,339.0,14.29,27.77777777777778,,40.0,138.88888888888889,71.44999999999999,67.4388888888889
2021-2022,291830000983,LEE'S SUMMIT SR. HIGH,LEE'S SUMMIT R-VII,MO,1921.0,13.42,20.647058823529413,14.526315789473685,18.595744680851062,103.23529411764707,67.1,36.13529411764708
2021-2022,291830001481,LEE'S SUMMIT NORTH HIGH,LEE'S SUMMIT R-VII,MO,1979.0,16.45,20.958333333333332,17.923076923076923,20.044444444444444,104.79166666666666,82.25,22.541666666666657
2021-2022,291830002614,HILLTOP SCHOOL,LEE'S SUMMIT R-VII,MO,14.0,3.5,,,6.0,,17.5,
2021-2022,291830002795,LEE'S SUMMIT WEST HIGH,LEE'S SUMMIT R-VII,MO,2044.0,16.77,21.09433962264151,14.4375,16.444444444444443,105.47169811320755,83.85,21.621698113207557
2021-2022,291854001011,LIBERTY HIGH,LIBERTY 53,MO,1997.0,17.29,15.0,17.083333333333332,19.645833333333332,75.0,86.44999999999999,-11.449999999999989
2021-2022,291854001665,LIBERTY ACADEMY,LIBERTY 53,MO,0.0,,,,,,,
2021-2022,291854002658,JUVENILE JUSTICE CTR.,LIBERTY 53,MO,0.0,,,,,,,
2021-2022,291854003148,LIBERTY NORTH HIGH SCHOOL,LIBERTY 53,MO,2216.0,18.07,18.52054794520548,17.178571428571427,20.75438596491228,92.6027397260274,90.35,2.2527397260274
2021-2022,291923001040,LONE JACK HIGH,LONE JACK C-6,MO,400.0,13.32,22.5,7.8,15.0,112.5,66.6,45.900000000000006
2021-2022,292280001284,NORTH KANSAS CITY HIGH,NORTH KANSAS CITY 74,MO,1568.0,15.52,17.614035087719298,12.846153846153847,17.941176470588236,88.0701754385965,77.6,10.470175438596499
2021-2022,292280001286,OAK PARK HIGH,NORTH KANSAS CITY 74,MO,1693.0,18.07,20.31578947368421,12.25,16.527272727272727,101.57894736842104,90.35,11.228947368421046
2021-2022,292280001293,WINNETONKA HIGH,NORTH KANSAS CITY 74,MO,1154.0,12.69,16.46938775510204,8.0,14.595744680851064,82.34693877551021,63.449999999999996,18.896938775510215
2021-2022,292280003083,STALEY HIGH,NORTH KANSAS CITY 74,MO,1783.0,18.63,20.072727272727274,15.166666666666666,22.772727272727273,100.36363636363637,93.14999999999999,7.2136363636363825
2021-2022,292283001297,NORTH PLATTE HIGH,NORTH PLATTE CO. R-I,MO,189.0,11.67,16.25,14.666666666666666,18.666666666666668,81.25,58.35,22.9
2021-2022,292301001317,OAK GROVE HIGH,OAK GROVE R-VI,MO,549.0,12.61,14.666666666666666,10.0,11.714285714285714,73.33333333333333,63.05,10.283333333333331
2021-2022,292322001336,ORRICK HIGH,ORRICK R-XI,MO,131.0,9.25,9.5,1.0,8.333333333333334,47.5,46.25,1.25
2021-2022,292355001371,PARK HILL HIGH,PARK HILL,MO,1859.0,17.34,18.48780487804878,17.05,17.5625,92.4390243902439,86.7,5.739024390243898
2021-2022,292355002413,PARK HILL SOUTH HIGH,PARK HILL,MO,1835.0,17.56,19.512820512820515,22.428571428571427,18.73076923076923,97.56410256410257,87.8,9.764102564102572
2021-2022,292355003313,LEAD INNOVATION STUDIO,PARK HILL,MO,0.0,,18.166666666666668,12.666666666666666,24.142857142857142,90.83333333333334,,
2021-2022,292373001424,RAYMORE-PECULIAR SR. HIGH,RAYMORE-PECULIAR R-II,MO,2092.0,17.96,11.98019801980198,10.863636363636363,17.06896551724138,59.9009900990099,89.80000000000001,-29.89900990099011
2021-2022,292523001456,PLATTE COUNTY HIGH,PLATTE CO. R-III,MO,1319.0,16.64,20.41176470588235,23.23076923076923,13.818181818181818,102.05882352941175,83.2,18.85882352941175
2021-2022,292523002298,NORTHLAND CAREER CTR.,PLATTE CO. R-III,MO,0.0,,,,,,,
2021-2022,292533001461,PLEASANT HILL HIGH,PLEASANT HILL R-III,MO,700.0,16.12,22.333333333333332,15.75,18.692307692307693,111.66666666666666,80.60000000000001,31.06666666666665
2021-2022,292607001525,RAYTOWN SR. HIGH,RAYTOWN C-2,MO,1443.0,17.26,16.945945945945947,5.666666666666667,17.434782608695652,84.72972972972974,86.30000000000001,-1.5702702702702709
2021-2022,292607001526,RAYTOWN SOUTH SR. HIGH,RAYTOWN C-2,MO,1148.0,15.85,16.5,7.0,15.45,82.5,79.25,3.25
2021-2022,292648001554,RICHMOND HIGH,RICHMOND R-XVI,MO,443.0,16.11,13.333333333333334,4.0,16.5,66.66666666666667,80.55,-13.883333333333326
2021-2022,292841001754,SMITHVILLE HIGH,SMITHVILLE R-II,MO,908.0,17.88,15.61111111111111,18.142857142857142,14.63888888888889,78.05555555555556,89.39999999999999,-11.344444444444434
2021-2022,293171002220,WEST PLATTE HIGH,WEST PLATTE CO. R-II,MO,192.0,9.76,12.0,4.333333333333333,12.777777777777779,60.0,48.8,11.200000000000003
2021-2022,293180002224,MIDWAY HIGH,MIDWAY R-I,MO,195.0,11.25,7.714285714285714,5.0,9.8,38.57142857142857,56.25,-17.67857142857143
2023-2024,200001801751,School for Blind High,School for Blind,KS,11.0,2.0,5.0,,2.0,25.0,10.0,15.0
2023-2024,200001901753,School for Deaf High,School for Deaf,KS,69.0,4.76,1.8,,7.0,9.0,23.799999999999997,-14.799999999999997
2023-2024,200378001186,Basehor-Linwood High School,Basehor-Linwood,KS,915.0,16.25,21.08823529411765,13.666666666666666,21.41176470588235,105.44117647058825,81.25,24.191176470588246
2023-2024,200405000031,Bonner Springs High,Bonner Springs,KS,802.0,12.81,16.058823529411764,,,80.29411764705883,64.05,16.24411764705883
2023-2024,200549000127,De Soto  High  School,De Soto,KS,968.0,14.67,10.483870967741936,20.0,17.076923076923077,52.41935483870968,73.35,-20.930645161290315
2023-2024,200549001723,Mill Valley High School,De Soto,KS,1383.0,16.76,13.985915492957746,20.5,17.36,69.92957746478874,83.80000000000001,-13.870422535211276
2023-2024,200564001131,Pleasant Ridge High,Easton,KS,171.0,11.25,12.875,4.0,14.666666666666666,64.375,56.25,8.125
2023-2024,200642000122,Gardner Edgerton High,Gardner Edgerton,KS,1766.0,17.4,20.310344827586206,18.428571428571427,18.93877551020408,101.55172413793103,87.0,14.551724137931032
2023-2024,200795001419,Sumner Academy of Arts & Science,Kansas City,KS,1005.0,16.38,20.375,25.176470588235293,23.4,101.875,81.89999999999999,19.97500000000001
2023-2024,200795001420,Wyandotte High,Kansas City,KS,1841.0,20.1,20.19090909090909,11.818181818181818,14.583333333333334,100.95454545454545,100.5,0.45454545454545325
2023-2024,200795001423,J C Harmon High,Kansas City,KS,1282.0,19.25,8.576086956521738,9.5,14.707317073170731,42.88043478260869,96.25,-53.36956521739131
2023-2024,200795001425,F L Schlagle High,Kansas City,KS,800.0,16.46,14.920634920634921,4.833333333333333,12.73076923076923,74.60317460317461,82.30000000000001,-7.696825396825403
2023-2024,200795001433,Washington High,Kansas City,KS,1190.0,17.97,16.253012048192772,18.333333333333332,12.973684210526315,81.26506024096386,89.85,-8.584939759036132
2023-2024,200795002094,Alfred Fairfax Academy,Kansas City,KS,72.0,8.85,6.625,,4.0,33.125,44.25,-11.125
2023-2024,200795002097,500 Reach,Kansas City,KS,188.0,,2.5,,1.25,12.5,,
2023-2024,200834001230,Lansing High 9-12,Lansing,KS,876.0,19.0,14.146341463414634,18.571428571428573,21.0,70.73170731707317,95.0,-24.268292682926827
2023-2024,200843001157,Leavenworth Sr High,Leavenworth,KS,1288.0,18.67,20.78787878787879,20.0,22.107142857142858,103.93939393939394,93.35000000000001,10.58939393939393
2023-2024,200897000983,Louisburg High,Louisburg,KS,540.0,14.04,10.91304347826087,4.333333333333333,10.708333333333334,54.565217391304344,70.19999999999999,-15.634782608695645
2023-2024,200897002153,Louisburg Virtual Program,Louisburg,KS,24.0,,,,,,,
2023-2024,201014000040,Olathe East Sr High,Olathe,KS,1825.0,14.12,23.705882352941178,20.772727272727273,20.448275862068964,118.52941176470588,70.6,47.92941176470589
2023-2024,201014000137,Olathe North Sr High,Olathe,KS,2036.0,14.86,22.05128205128205,24.818181818181817,21.205128205128204,110.25641025641025,74.3,35.95641025641025
2023-2024,201014001602,Olathe South Sr High,Olathe,KS,1843.0,15.38,24.59375,19.0,22.677419354838708,122.96875,76.9,46.068749999999994
2023-2024,201014001793,Olathe Northwest High School,Olathe,KS,1966.0,16.6,25.0,24.91304347826087,21.344827586206897,125.0,83.0,42.0
2023-2024,201014002088,Olathe West High School,Olathe,KS,1601.0,15.09,23.65625,23.45,23.64,118.28125,75.45,42.83125
2023-2024,201014002179,Step Up Virtual,Olathe,KS,161.0,,,,,,,
2023-2024,201026000774,Osawatomie High,Osawatomie,KS,280.0,12.04,16.153846153846153,4.2,11.833333333333334,80.76923076923077,60.199999999999996,20.569230769230778
2023-2024,201026002145,Osawatomie Virtual School,Osawatomie,KS,15.0,,5.666666666666667,,4.5,28.333333333333336,,
2023-2024,201050000779,Paola High,Paola,KS,589.0,17.32,20.125,23.0,20.0,100.625,86.6,14.025000000000006
2023-2024,201068000026,Piper High,Piper-Kansas City,KS,817.0,14.9,34.476190476190474,21.88888888888889,16.666666666666668,172.38095238095238,74.5,97.88095238095238
2023-2024,201164001574,Shawnee Mission East High,Shawnee Mission Pub Sch,KS,1671.0,17.48,24.85,24.761904761904763,21.944444444444443,124.25,87.4,36.849999999999994
2023-2024,201164001575,Shawnee Mission North High,Shawnee Mission Pub Sch,KS,1506.0,14.19,25.05128205128205,23.0,21.181818181818183,125.25641025641025,70.95,54.306410256410246
2023-2024,201164001576,Shawnee Mission Northwest High,Shawnee Mission Pub Sch,KS,1619.0,16.64,25.55263157894737,23.58823529411765,21.78787878787879,127.76315789473685,83.2,44.56315789473685
2023-2024,201164001577,Shawnee Mission South High,Shawnee Mission Pub Sch,KS,1593.0,16.42,24.86842105263158,24.294117647058822,21.8125,124.34210526315789,82.10000000000001,42.24210526315788
2023-2024,201164001578,Shawnee Mission West High,Shawnee Mission Pub Sch,KS,1618.0,16.51,24.674418604651162,24.0,22.137931034482758,123.37209302325581,82.55000000000001,40.8220930232558
2023-2024,201185000118,Spring Hill High School,Spring Hill,KS,1038.0,15.49,18.025641025641026,16.2,19.8,90.12820512820512,77.45,12.678205128205121
2023-2024,201185001918,Insight School of Kansas,Spring Hill,KS,1133.0,32.65,53.833333333333336,5.0,84.0,269.1666666666667,163.25,105.91666666666669
2023-2024,201200000112,Blue Valley High,Blue Valley,KS,1405.0,15.77,23.210526315789473,16.296296296296298,18.058823529411764,116.05263157894737,78.85,37.202631578947376
2023-2024,201200000541,Blue Valley Northwest High,Blue Valley,KS,1441.0,15.73,23.842105263157894,18.333333333333332,19.585365853658537,119.21052631578947,78.65,40.56052631578946
2023-2024,201200001533,Blue Valley West High,Blue Valley,KS,1558.0,15.56,23.205128205128204,18.966666666666665,21.06,116.02564102564102,77.8,38.225641025641025
2023-2024,201200001644,Blue Valley North High,Blue Valley,KS,1402.0,15.93,22.2972972972973,15.96551724137931,18.333333333333332,111.48648648648648,79.65,31.83648648648648
2023-2024,201200001990,Blue Valley Southwest High School,Blue Valley,KS,995.0,14.26,19.566666666666666,22.875,22.79310344827586,97.83333333333333,71.3,26.53333333333333
2023-2024,201221001205,Tonganoxie High,Tonganoxie,KS,633.0,13.15,11.2,18.333333333333332,12.869565217391305,56.0,65.75,-9.75
2023-2024,201236000024,Turner High,Turner-Kansas City,KS,1134.0,15.26,13.767857142857142,17.666666666666668,17.846153846153847,68.83928571428571,76.3,-7.460714285714289
2023-2024,201236002119,Beyond the Bell,Turner-Kansas City,KS,23.0,,,,,,,
2023-2024,290000901270,NORTHWEST REG. YOUTH CTR.,DIVISION OF YOUTH SERVICE,MO,25.0,3.57,10.0,,14.0,50.0,17.849999999999998,32.150000000000006
2023-2024,290000901285,LANGSFORD HOUSE,DIVISION OF YOUTH SERVICE,MO,13.0,8.67,6.0,,8.0,30.0,43.35,-13.350000000000001
2023-2024,290000901287,ALTERNATIVE RESOURCE CTR.,DIVISION OF YOUTH SERVICE,MO,10.0,5.0,,,1.0,,25.0,
2023-2024,290000901289,WATKINS MILL PARK CAMP,DIVISION OF YOUTH SERVICE,MO,39.0,4.88,23.0,,27.0,115.0,24.4,90.6
2023-2024,290001402743,HOGAN PREPARATORY ACADEMY,HOGAN PREPARATORY ACADEMY,MO,324.0,10.29,18.076923076923077,23.0,24.5,90.38461538461539,51.449999999999996,38.93461538461539
2023-2024,290001703394,ACADEMIE LAFAYETTE ARMOUR IHS,ACADEMIE LAFAYETTE,MO,107.0,14.76,9.666666666666666,9.0,13.5,48.33333333333333,73.8,-25.46666666666667
2023-2024,290002503233,ALLEN VILLAGE HIGH SCHOOL,ALLEN VILLAGE,MO,133.0,12.49,8.9,4.666666666666667,11.0,44.5,62.45,-17.950000000000003
2023-2024,290002702808,UNIVERSITY ACADEMY-UPPER,UNIVERSITY ACADEMY,MO,209.0,12.12,11.416666666666666,12.5,17.5,57.08333333333333,60.599999999999994,-3.5166666666666657
2023-2024,290002902741,GUADALUPE CENTERS HIGH SCHOOL,GUADALUPE CENTERS SCHOOLS,MO,464.0,12.89,11.0,16.0,11.5,55.0,64.45,-9.450000000000003
2023-2024,290003103395,KIPP KC LEGACY HIGH SCHOOL,KIPP: ENDEAVOR ACADEMY,MO,286.0,9.5,33.0,5.8,20.857142857142858,165.0,47.5,117.5
2023-2024,290059003181,FRONTIER SCHL OF EXCELLENCE-U,FRONTIER SCHOOLS,MO,168.0,8.57,16.857142857142858,13.5,14.090909090909092,84.28571428571429,42.85,41.43571428571429
2023-2024,290059003232,FRONTIER STEM HIGH SCHOOL,FRONTIER SCHOOLS,MO,353.0,9.05,20.923076923076923,11.0,19.125,104.61538461538461,45.25,59.36538461538461
2023-2024,290059303176,DeLaSalle Charter High School,DELASALLE CHARTER SCHOOL,MO,206.0,18.86,21.857142857142858,,14.0,109.28571428571429,94.3,14.985714285714295
2023-2024,290059303436,Kintsugi Academy,DELASALLE CHARTER SCHOOL,MO,0.0,,,,,,,
2023-2024,290059703277,EWING MARION KAUFFMAN HIGH,EWING MARION KAUFFMAN SCHOOL,MO,399.0,11.57,23.22222222222222,24.636363636363637,26.5,116.11111111111111,57.85,58.26111111111111
2023-2024,290060303311,CROSSROADS PREPARATORY ACADEMY,CROSSROADS CHARTER SCHOOLS,MO,414.0,10.35,17.0,11.5,16.0,85.0,51.75,33.25
2023-2024,290061503437,Kansas City Girls Prep High,KANSAS CITY GIRLS PREP ACADEMY,MO,27.0,4.23,27.0,,,135.0,21.150000000000002,113.85
2023-2024,290320000025,ARCHIE HIGH SCHOOL,ARCHIE R-V,MO,283.0,11.55,12.0,5.0,12.333333333333334,60.0,57.75,2.25
2023-2024,290462000055,BELTON HIGH,BELTON 124,MO,1272.0,14.43,18.86,18.4,26.652173913043477,94.3,72.15,22.14999999999999
2023-2024,290531000085,BLUE SPRINGS HIGH,BLUE SPRINGS R-IV,MO,2396.0,16.1,20.9875,22.09090909090909,17.346666666666668,104.9375,80.5,24.4375
2023-2024,290531000170,BLUE SPRINGS SOUTH HIGH,BLUE SPRINGS R-IV,MO,2308.0,18.7,23.681818181818183,25.571428571428573,20.901639344262296,118.40909090909092,93.5,24.90909090909092
2023-2024,290531000200,VALLEY VIEW HIGH,BLUE SPRINGS R-IV,MO,0.0,,11.11111111111111,,13.333333333333334,55.55555555555556,,
2023-2024,290825000225,CENTER SR. HIGH,CENTER 58,MO,695.0,12.1,16.68,,9.666666666666666,83.4,60.5,22.900000000000006
2023-2024,290825002810,CENTER ALTERNATIVE,CENTER 58,MO,0.0,,,,,,,
2023-2024,291032000335,SHERWOOD HIGH,SHERWOOD CASS R-VIII,MO,238.0,12.09,9.882352941176471,10.0,11.0,49.411764705882355,60.45,-11.038235294117648
2023-2024,291107000379,DREXEL HIGH,DREXEL R-IV,MO,139.0,8.89,14.0,6.0,14.666666666666666,70.0,44.45,25.549999999999997
2023-2024,291165000071,EXCELSIOR SPRINGS TECH. HIGH,EXCELSIOR SPRINGS 40,MO,104.0,11.56,,,,,57.800000000000004,
2023-2024,291165000420,EXCELSIOR SPRINGS HIGH,EXCELSIOR SPRINGS 40,MO,744.0,15.71,19.833333333333332,14.75,21.41176470588235,99.16666666666666,78.55000000000001,20.616666666666646
2023-2024,291229000496,FORT OSAGE HIGH,FORT OSAGE R-I,MO,1575.0,18.21,47.22727272727273,24.666666666666668,47.4,236.13636363636363,91.05000000000001,145.08636363636361
2023-2024,291308000546,GRAIN VALLEY HIGH,GRAIN VALLEY R-V,MO,1444.0,16.68,25.41025641025641,22.285714285714285,22.675,127.05128205128204,83.4,43.65128205128204
2023-2024,291314000556,GRANDVIEW SR. HIGH,GRANDVIEW C-4,MO,1168.0,16.99,24.02857142857143,6.8,22.458333333333332,120.14285714285714,84.94999999999999,35.19285714285715
2023-2024,291368000597,HARDIN-CENTRAL HIGH,HARDIN-CENTRAL C-2,MO,101.0,8.89,19.0,3.0,15.0,95.0,44.45,50.55
2023-2024,291376000605,HARRISONVILLE HIGH,HARRISONVILLE R-IX,MO,763.0,16.94,6.46969696969697,3.409090909090909,7.5,32.34848484848485,84.7,-52.35151515151515
2023-2024,291434003156,RUSKIN HIGH SCHOOL,HICKMAN MILLS C-1,MO,1240.0,12.94,20.955555555555556,4.25,26.956521739130434,104.77777777777777,64.7,40.07777777777777
2023-2024,291548000722,TRUMAN HIGH,INDEPENDENCE 30,MO,1700.0,19.39,8.846153846153847,7.75,8.936936936936936,44.23076923076923,96.95,-52.71923076923077
2023-2024,291548000724,WILLIAM CHRISMAN HIGH,INDEPENDENCE 30,MO,1441.0,17.23,9.582608695652175,6.708333333333333,9.92,47.913043478260875,86.15,-38.23695652173913
2023-2024,291548003096,VAN HORN HIGH,INDEPENDENCE 30,MO,1113.0,18.15,9.34020618556701,6.0,9.411111111111111,46.701030927835056,90.75,-44.048969072164944
2023-2024,291640000840,CENTRAL HIGH SCHOOL,KANSAS CITY 33,MO,534.0,12.81,16.307692307692307,13.0,20.416666666666668,81.53846153846153,64.05,17.488461538461536
2023-2024,291640000844,LINCOLN COLLEGE PREP.,KANSAS CITY 33,MO,958.0,17.25,29.476190476190474,14.75,24.774193548387096,147.38095238095238,86.25,61.13095238095238
2023-2024,291640000860,NORTHEAST HIGH,KANSAS CITY 33,MO,697.0,16.61,20.73913043478261,9.5,23.0,103.69565217391305,83.05,20.64565217391305
2023-2024,291640000862,PASEO ACAD. OF PERFORMING ARTS,KANSAS CITY 33,MO,677.0,11.32,19.266666666666666,9.0,19.8,96.33333333333333,56.6,39.73333333333333
2023-2024,291640000880,EAST HIGH SCHOOL,KANSAS CITY 33,MO,1066.0,13.85,17.108695652173914,10.0,15.243243243243244,85.54347826086956,69.25,16.293478260869563
2023-2024,291640003097,SOUTHEAST HIGH SCHOOL,KANSAS CITY 33,MO,531.0,15.86,17.8,4.0,20.846153846153847,89.0,79.3,9.700000000000003
2023-2024,291645000894,KEARNEY HIGH,KEARNEY R-I,MO,804.0,13.92,20.857142857142858,6.5,14.73076923076923,104.28571428571429,69.6,34.6857142857143
2023-2024,291645002531,KEARNEY JR. HIGH,KEARNEY R-I,MO,534.0,14.59,17.333333333333332,,,86.66666666666666,72.95,13.716666666666654
2023-2024,291822000962,LAWSON HIGH,LAWSON R-XIV,MO,369.0,15.06,19.066666666666666,26.0,20.6,95.33333333333333,75.3,20.03333333333333
2023-2024,291830000983,LEE'S SUMMIT SR. HIGH,LEE'S SUMMIT R-VII,MO,1960.0,14.05,12.507462686567164,13.95,4.27536231884058,62.53731343283582,70.25,-7.712686567164177
2023-2024,291830001481,LEE'S SUMMIT NORTH HIGH,LEE'S SUMMIT R-VII,MO,1998.0,16.43,18.18840579710145,19.9375,18.5625,90.94202898550725,82.15,8.792028985507244
2023-2024,291830002614,HILLTOP SCHOOL,LEE'S SUMMIT R-VII,MO,28.0,7.0,1.0,,1.0,5.0,35.0,-30.0
2023-2024,291830002795,LEE'S SUMMIT WEST HIGH,LEE'S SUMMIT R-VII,MO,1976.0,16.34,20.241935483870968,13.208333333333334,14.666666666666666,101.20967741935485,81.7,19.509677419354844
2023-2024,291854001011,LIBERTY HIGH,LIBERTY 53,MO,1908.0,15.42,20.358490566037737,17.35,21.215686274509803,101.7924528301887,77.1,24.6924528301887
2023-2024,291854001665,LIBERTY ACADEMY,LIBERTY 53,MO,0.0,,,,,,,
2023-2024,291854002658,JUVENILE JUSTICE CTR.,LIBERTY 53,MO,0.0,,,,,,,
2023-2024,291854003148,LIBERTY NORTH HIGH SCHOOL,LIBERTY 53,MO,2330.0,18.12,23.471698113207548,17.714285714285715,21.45614035087719,117.35849056603774,90.60000000000001,26.758490566037736
2023-2024,291923001040,LONE JACK HIGH,LONE JACK C-6,MO,399.0,13.24,10.466666666666667,6.0,10.333333333333334,52.333333333333336,66.2,-13.866666666666667
2023-2024,292280001284,NORTH KANSAS CITY HIGH,NORTH KANSAS CITY 74,MO,1690.0,16.32,20.150943396226417,13.882352941176471,17.70909090909091,100.75471698113208,81.6,19.154716981132083
2023-2024,292280001286,OAK PARK HIGH,NORTH KANSAS CITY 74,MO,1744.0,17.6,21.053571428571427,8.772727272727273,19.041666666666668,105.26785714285714,88.0,17.26785714285714
2023-2024,292280001293,WINNETONKA HIGH,NORTH KANSAS CITY 74,MO,1254.0,14.25,17.5,11.181818181818182,15.55,87.5,71.25,16.25
2023-2024,292280003083,STALEY HIGH,NORTH KANSAS CITY 74,MO,2006.0,20.11,21.683333333333334,12.681818181818182,22.571428571428573,108.41666666666667,100.55,7.866666666666674
2023-2024,292283001297,NORTH PLATTE HIGH,NORTH PLATTE CO. R-I,MO,199.0,11.64,15.833333333333334,17.5,17.714285714285715,79.16666666666667,58.2,20.96666666666667
2023-2024,292301001317,OAK GROVE HIGH,OAK GROVE R-VI,MO,569.0,14.92,17.0,2.0,14.0,85.0,74.6,10.400000000000006
2023-2024,292322001336,ORRICK HIGH,ORRICK R-XI,MO,122.0,8.37,10.4,4.0,6.0,52.0,41.849999999999994,10.150000000000006
2023-2024,292355001371,PARK HILL HIGH,PARK HILL,MO,1936.0,17.65,23.175,22.615384615384617,25.652173913043477,115.875,88.25,27.625
2023-2024,292355002413,PARK HILL SOUTH HIGH,PARK HILL,MO,1869.0,17.37,21.794871794871796,23.46153846153846,21.363636363636363,108.97435897435898,86.85000000000001,22.12435897435897
2023-2024,292355003313,LEAD INNOVATION STUDIO,PARK HILL,MO,0.0,,16.77777777777778,15.25,21.625,83.88888888888889,,
2023-2024,292373001424,RAYMORE-PECULIAR SR. HIGH,RAYMORE-PECULIAR R-II,MO,1560.0,15.9,20.76923076923077,15.9,7.338235294117647,103.84615384615385,79.5,24.346153846153854
2023-2024,292373003434,Raymore-Peculiar Ninth Gr Cntr,RAYMORE-PECULIAR R-II,MO,486.0,17.3,19.875,,,99.375,86.5,12.875
2023-2024,292523001456,PLATTE COUNTY HIGH,PLATTE CO. R-III,MO,1336.0,17.37,19.294117647058822,12.428571428571429,19.555555555555557,96.47058823529412,86.85000000000001,9.620588235294107
2023-2024,292523002298,NORTHLAND CAREER CTR.,PLATTE CO. R-III,MO,0.0,,,,,,,
2023-2024,292533001461,PLEASANT HILL HIGH,PLEASANT HILL R-III,MO,720.0,15.76,20.041666666666668,11.25,16.941176470588236,100.20833333333334,78.8,21.408333333333346
2023-2024,292607001525,RAYTOWN SR. HIGH,RAYTOWN C-2,MO,1342.0,16.56,20.16216216216216,23.1,16.81081081081081,100.8108108108108,82.8,18.01081081081081
2023-2024,292607001526,RAYTOWN SOUTH SR. HIGH,RAYTOWN C-2,MO,1179.0,18.47,18.94736842105263,21.4,19.22222222222222,94.73684210526315,92.35,2.386842105263156
2023-2024,292648001554,RICHMOND HIGH,RICHMOND R-XVI,MO,458.0,14.04,15.5625,25.0,18.125,77.8125,70.19999999999999,7.612500000000011
2023-2024,292841001754,Smithville High,SMITHVILLE R-II,MO,884.0,16.23,18.966666666666665,18.76923076923077,18.107142857142858,94.83333333333333,81.15,13.683333333333323
2023-2024,293171002220,WEST PLATTE HIGH,WEST PLATTE CO. R-II,MO,218.0,11.15,12.818181818181818,6.75,10.090909090909092,64.0909090909091,55.75,8.340909090909093
2023-2024,293180002224,MIDWAY HIGH,MIDWAY R-I,MO,204.0,10.69,11.5,,11.0,57.5,53.449999999999996,4.050000000000004
