school_year,dataset,release_version,filename,source_url,download_date,sha256,schema_notes,availability_status
2014-2015,CCD School Directory,v.1a,ccd_sch_029_1415_w_0216601a_txt.zip,https://nces.ed.gov/ccd/data/zip/ccd_sch_029_1415_w_0216601a_txt.zip,2026-09-24,e7c503a0e2b3431056e19e57bd9d86674d05a8e53dbed626d287f2a1696ae732,School Directory tab-delimited text,Available
2014-2015,CCD School Membership,v.1a,ccd_sch_052_1415_w_0216161a_txt.zip,https://nces.ed.gov/ccd/data/zip/ccd_sch_052_1415_w_0216161a_txt.zip,2026-09-24,0271ebbf8d0b88ca1149239718da8666cebe7e7297b6b17e9674fd5081cdb7bb,School Membership wide table,Available
2014-2015,CCD School Staff,v.1a,ccd_sch_059_1415_w_0216161a_txt.zip,https://nces.ed.gov/ccd/data/zip/ccd_sch_059_1415_w_0216161a_txt.zip,2026-09-24,e8c8e73921e9ee8d6d88348f33eceac4383925e4d9cfe58bddb75b618074091e,School Staff wide table with FTE,Available
2014-2015,CCD School Characteristics,v.1a,ccd_sch_129_1415_w_0216161a_txt.zip,https://nces.ed.gov/ccd/data/zip/ccd_sch_129_1415_w_0216161a_txt.zip,2026-09-24,514152ad2531187f926fa3d8df89c9192ec83f75825086b3413a85fb8919ac87,School Characteristics wide table,Available
2014-2015,CCD School Lunch,v.1a,ccd_sch_033_1415_w_0216161a_txt.zip,https://nces.ed.gov/ccd/data/zip/ccd_sch_033_1415_w_0216161a_txt.zip,2026-09-24,63466618dfa1b8127727123d318ebf8e18fd7b8de192ee1ea237e5b343f056bd,School Lunch wide table with TOTFRL,Available
2014-2015,CCD LEA Directory,v.1a,ccd_lea_029_1415_w_0216161ar_txt.zip,https://nces.ed.gov/ccd/data/zip/ccd_lea_029_1415_w_0216161ar_txt.zip,2026-09-24,236f49acc0d3158166e553f1ab6eed2d233b8ee75bbbdc2b95708e5825b20c68,LEA Directory tab-delimited text,Available
2014-2015,CCD LEA Membership,v.1a,ccd_lea_052_1415_w_0216161a_txt.zip,https://nces.ed.gov/ccd/data/zip/ccd_lea_052_1415_w_0216161a_txt.zip,2026-09-24,d530105e87039d51e46f2c4897d46beca913a2ae5218ebb199590d6381e83985,LEA Membership wide table,Available
2014-2015,CCD LEA Staff,v.1a,ccd_lea_059_1415_w_0216161a_txt.zip,https://nces.ed.gov/ccd/data/zip/ccd_lea_059_1415_w_0216161a_txt.zip,2026-09-24,697e0b1fc2bc1c7089da781593ad3d0c18e7aaf802057a1efa3476d28d4cd0a0,LEA Staff wide table with TOTTCH/PARA,Available
2014-2015,NCES EDGE Public School Geocodes,Final,EDGE_GEOIDS_201415_PUBLIC_SCHOOL_csv.zip,https://nces.ed.gov/ccd/data/zip/EDGE_GEOIDS_201415_PUBLIC_SCHOOL_csv.zip,2026-09-24,693f89f161bf9b8c5f90deb8eae44eb56b97fa84eebc5ba49114a1b69e3d276d,EDGE Public School Geocodes CSV,Available
2015-2016,CCD School Directory,v.2a,ccd_sch_029_1516_w_2a_011717_csv.zip,https://nces.ed.gov/ccd/data/zip/ccd_sch_029_1516_w_2a_011717_csv.zip,2026-09-24,0d80217021a8351617c303014bf6b785b98cabd9dfca88f9dfeb2ab6d45493ac,School Directory CSV,Available
2015-2016,CCD School Membership,v.2a,ccd_sch_052_1516_w_2a_011717_csv.zip,https://nces.ed.gov/ccd/data/zip/ccd_sch_052_1516_w_2a_011717_csv.zip,2026-09-24,a317a15e021dd6fbd1a98e5b7845881be3dc1e6091c9fd81f21d13035a4ab091,School Membership wide table CSV,Available
2015-2016,CCD School Staff,v.2a,ccd_sch_059_1516_w_2a_011717_csv.zip,https://nces.ed.gov/ccd/data/zip/ccd_sch_059_1516_w_2a_011717_csv.zip,2026-09-24,ca01e0a9eacfa3c0354b22c5e5ccb3aa2e5b30da317b6e5dd85648493da29fe6,School Staff wide table CSV,Available
2015-2016,CCD School Characteristics,v.2a,ccd_sch_129_1516_w_2a_011717_csv.zip,https://nces.ed.gov/ccd/data/zip/ccd_sch_129_1516_w_2a_011717_csv.zip,2026-09-24,fbe534e20a43888a7e8c35096b549631b48582e3254021deb5782e657b91be24,School Characteristics CSV,Available
2015-2016,CCD School Lunch,v.2a,ccd_sch_033_1516_w_2a_011717_csv.zip,https://nces.ed.gov/ccd/data/zip/ccd_sch_033_1516_w_2a_011717_csv.zip,2026-09-24,8b543e88d7ce34e0c9f5bd1d36f691e61c311eec873adbb9a2257c8495687ef0,School Lunch wide table CSV,Available
2015-2016,CCD LEA Directory,v.1a,ccd_lea_029_1516_w_1a_011717_csv.zip,https://nces.ed.gov/ccd/data/zip/ccd_lea_029_1516_w_1a_011717_csv.zip,2026-09-24,123e19d793dc47d7e1d887af4b8dd4abea8fe1686d3ee234f680a5e828402615,LEA Directory CSV,Available
2015-2016,CCD LEA Membership,v.1a,ccd_lea_052_1516_w_1a_011717_csv.zip,https://nces.ed.gov/ccd/data/zip/ccd_lea_052_1516_w_1a_011717_csv.zip,2026-09-24,391a907efeefe35f38a3c0702ebc7f9812d83fab56bc7b32132de0ed6ec00000,LEA Membership wide table CSV,Available
2015-2016,CCD LEA Staff,v.1a,CCD_LEA_059_1516_W_1a_011717_csv.zip,https://nces.ed.gov/ccd/data/zip/CCD_LEA_059_1516_W_1a_011717_csv.zip,2026-09-24,5b2a8d0923dc04dacff986844aeb57e296e4dcc36b8a6ca8c9d76bb3e11709a9,LEA Staff wide table CSV,Available
2015-2016,NCES EDGE Public School Geocodes,Final,EDGE_GEOCODE_PUBLICSCH_1516.zip,https://nces.ed.gov/programs/edge/data/EDGE_GEOCODE_PUBLICSCH_1516.zip,2026-09-24,845f3aae5be3770f45b2492181959a3f5651405c2d6ed2d4e1ca9d69e2f63ef0,EDGE Public School Geocodes TXT,Available
2016-2017,CCD School Directory,v.2a,ccd_sch_029_1617_w_1a_11212017_csv.zip,https://nces.ed.gov/ccd/data/zip/ccd_sch_029_1617_w_1a_11212017_csv.zip,2026-09-24,fee41cd56cfd700248fd0e8b8e377dc45016764c932a3eeb72ae1419b61ae4b1,School Directory CSV,Available
2016-2017,CCD School Membership,v.2a,ccd_sch_052_1617_l_2a_11212017_CSV.zip,https://nces.ed.gov/ccd/data/zip/ccd_sch_052_1617_l_2a_11212017_CSV.zip,2026-09-24,e3efaf1e54600c43905a7adbd4a9af777dcf55c4d07c7b80d6710bbded965d55,School Membership long table CSV (Deflate64),Available
2016-2017,CCD School Staff,v.2a,ccd_sch_059_1617_l_2a_11212017.zip,https://nces.ed.gov/ccd/data/zip/ccd_sch_059_1617_l_2a_11212017.zip,2026-09-24,ce316b7ecd2daa3da4d55a4f5904dd239a09eea1180136ab8a0da969379c76b5,School Staff long table CSV with TEACHERS,Available
2016-2017,CCD School Characteristics,v.2a,ccd_sch_129_1617_w_1a_11212017.zip,https://nces.ed.gov/ccd/data/zip/ccd_sch_129_1617_w_1a_11212017.zip,2026-09-24,7df17e267dd4d1d34183a196af3a5f5a79e0491dcb1b5adc65af68bbce0a31a1,School Characteristics CSV,Available
2016-2017,CCD School Lunch,v.2a,ccd_sch_033_1617_l_2a_11212017.zip,https://nces.ed.gov/ccd/data/zip/ccd_sch_033_1617_l_2a_11212017.zip,2026-09-24,d341ea08de26800cd457650660b1cc77d753fe6722564d1a082f7ae6e21141e6,School Lunch long table CSV,Available
2016-2017,CCD LEA Directory,v.2a,ccd_lea_029_1617_w_1a_11212017_csv.zip,https://nces.ed.gov/ccd/data/zip/ccd_lea_029_1617_w_1a_11212017_csv.zip,2026-09-24,62115fc6ed3cbd2750ccbd2f61452c9cac1b7a3d29a6e22144826a0da36c807a,LEA Directory CSV,Available
2016-2017,CCD LEA Membership,v.2a,ccd_lea_052_1617_l_2a_11212017.zip,https://nces.ed.gov/ccd/data/zip/ccd_lea_052_1617_l_2a_11212017.zip,2026-09-24,dde3e22bd826d3eb2b00616bb15c373812b1744cd1a6eef48ca3afec4cd9c2ba,LEA Membership long table CSV,Available
2016-2017,CCD LEA Staff,v.2a,ccd_lea_059_1617_l_2a_11212017.zip,https://nces.ed.gov/ccd/data/zip/ccd_lea_059_1617_l_2a_11212017.zip,2026-09-24,08eac5a6108df406559234954648ca84222d31332d7fc78e9bd12d69a9ce5953,LEA Staff long table CSV,Available
2016-2017,NCES EDGE Public School Geocodes,Final,EDGE_GEOCODE_PUBLICSCH_1617.zip,https://nces.ed.gov/programs/edge/data/EDGE_GEOCODE_PUBLICSCH_1617.zip,2026-09-24,9303f99aae76011a1b936e95594e1c51053b3fd3c4573ada1deb1f1e822668ad,EDGE Public School Geocodes TXT,Available
2017-2018,CCD School Directory,v.1a,ccd_sch_029_1718_w_1a_083118.zip,https://nces.ed.gov/ccd/data/zip/ccd_sch_029_1718_w_1a_083118.zip,2026-09-24,32892d3dfffc94f3a1f85c3adcb9242089d19de8d25b0bd77959c71903228bc1,School Directory archive,Available
2017-2018,CCD School Membership,v.1a,ccd_sch_052_1718_l_1a_083118.zip,https://nces.ed.gov/ccd/data/zip/ccd_sch_052_1718_l_1a_083118.zip,2026-09-24,580a309ee5b59a16f9c8df90a47eafdb80e4c9219b1ebcc5bd08c5e67de8fabc,School Membership long table archive,Available
2017-2018,CCD School Staff,v.1a,ccd_sch_059_1718_l_1a_083118.zip,https://nces.ed.gov/ccd/data/zip/ccd_sch_059_1718_l_1a_083118.zip,2026-09-24,6061d4bc8f272886ef70ff903f3e714f8deede9efb5d0849e44ab6171fada47a,School Staff long table archive,Available
2017-2018,CCD School Characteristics,v.1a,ccd_sch_129_1718_w_1a_083118.zip,https://nces.ed.gov/ccd/data/zip/ccd_sch_129_1718_w_1a_083118.zip,2026-09-24,5ff64e190fd3ec9e345d0720e8a805bd633ab49640f2b49787625623a29ff061,School Characteristics archive,Available
2017-2018,CCD School Lunch,v.1a,ccd_sch_033_1718_l_1a_083118.zip,https://nces.ed.gov/ccd/data/zip/ccd_sch_033_1718_l_1a_083118.zip,2026-09-24,46824aafbd3afd13519a6e923faf037f3545e4ce6cac9070d331eec8507af180,School Lunch long table archive,Available
2017-2018,CCD LEA Directory,v.1a,ccd_lea_029_1718_w_1a_083118.zip,https://nces.ed.gov/ccd/data/zip/ccd_lea_029_1718_w_1a_083118.zip,2026-09-24,711d5d122124de42d23617bcae1a604ba45679919f28eaf5569813d74bccd739,LEA Directory archive,Available
2017-2018,CCD LEA Membership,v.1a,ccd_lea_052_1718_l_1a_083118.zip,https://nces.ed.gov/ccd/data/zip/ccd_lea_052_1718_l_1a_083118.zip,2026-09-24,decacb54b9cab0e1d22cbd274d9c0f9733ad40b8b01d225e83cec36ea0e99403,LEA Membership long table archive,Available
2017-2018,CCD LEA Staff,v.1a,ccd_lea_059_1718_l_1a_083118.zip,https://nces.ed.gov/ccd/data/zip/ccd_lea_059_1718_l_1a_083118.zip,2026-09-24,69e78ad3b3db211495b42fbee539aa3028ed7aa812d6b6bec308851bae39e7be,LEA Staff long table archive,Available
2017-2018,NCES EDGE Public School Geocodes,Final,EDGE_GEOCODE_PUBLICSCH_1718.zip,https://nces.ed.gov/programs/edge/data/EDGE_GEOCODE_PUBLICSCH_1718.zip,2026-09-24,87fecefaa7950d6ab31319683c303e4494da9b8425b4c953221bb4f62bc17c61,EDGE Public School Geocodes TXT,Available
2018-2019,CCD School Directory,v.1a,ccd_sch_029_1819_w_1a_091019.zip,https://nces.ed.gov/ccd/data/zip/ccd_sch_029_1819_w_1a_091019.zip,2026-09-24,1c0a38534fbe005551c11335bb490982b117a417e31c8003547ff63e3a5dd034,School Directory archive,Available
2018-2019,CCD School Membership,v.1a,ccd_sch_052_1819_l_1a_091019.zip,https://nces.ed.gov/ccd/data/zip/ccd_sch_052_1819_l_1a_091019.zip,2026-09-24,f6a722ac236db1c57e2fc4ca475fb4db55a933850dbf5c53115c489a962e4929,School Membership long table archive,Available
2018-2019,CCD School Staff,v.1a,ccd_sch_059_1819_l_1a_091019.zip,https://nces.ed.gov/ccd/data/zip/ccd_sch_059_1819_l_1a_091019.zip,2026-09-24,d43b8552a7091c3d38c2aa2e51634d901be590f177d93cc5ea18cd875d216af4,School Staff long table archive,Available
2018-2019,CCD School Characteristics,v.1a,ccd_sch_129_1819_w_1a_091019.zip,https://nces.ed.gov/ccd/data/zip/ccd_sch_129_1819_w_1a_091019.zip,2026-09-24,c42e836553c5bf197cfd2fa323ae8b73f6611fcb38efb6f480f6714e67eaba47,School Characteristics archive,Available
2018-2019,CCD School Lunch,v.1a,ccd_sch_033_1819_l_1a_091019.zip,https://nces.ed.gov/ccd/data/zip/ccd_sch_033_1819_l_1a_091019.zip,2026-09-24,cad69e8efa5c4dbd1c9f30051ac04a7615b8925aa0b261ec553ff0908bb35143,School Lunch long table archive,Available
2018-2019,CCD LEA Directory,v.1a,ccd_lea_029_1819_l_1a_091019.zip,https://nces.ed.gov/ccd/data/zip/ccd_lea_029_1819_l_1a_091019.zip,2026-09-24,f86fe2c40a3f8dca5e49c446b36a414fe2db08a648cb78cee2590e4e8ad23d03,LEA Directory archive,Available
2018-2019,CCD LEA Membership,v.1a,ccd_lea_052_1819_l_1a_091019.zip,https://nces.ed.gov/ccd/data/zip/ccd_lea_052_1819_l_1a_091019.zip,2026-09-24,c59b706fa0657245c7fc57de9d382bd9f20f99b51c488cafa76f63e95abb4542,LEA Membership long table archive,Available
2018-2019,CCD LEA Staff,v.1a,ccd_lea_059_1819_l_1a_091019.zip,https://nces.ed.gov/ccd/data/zip/ccd_lea_059_1819_l_1a_091019.zip,2026-09-24,d16a154683e6fe52350facb1060e309d6cc61456f4f655b6169b2cf2692da501,LEA Staff long table archive,Available
2018-2019,NCES EDGE Public School Geocodes,Final,EDGE_GEOCODE_PUBLICSCH_1819.zip,https://nces.ed.gov/programs/edge/data/EDGE_GEOCODE_PUBLICSCH_1819.zip,2026-09-24,f214c861f053b65a7fd3912bf596de7e86bbaeb9417ae915bf536b0d53e76a92,EDGE Public School Geocodes TXT,Available
2019-2020,CCD School Directory,v.1a,ccd_sch_029_1920_w_1a_082120.zip,https://nces.ed.gov/ccd/data/zip/ccd_sch_029_1920_w_1a_082120.zip,2026-09-24,6c6db0d6b97e5bc44dd834a98150f52cd395904090ff3b6887143dd717d5c241,School Directory archive,Available
2019-2020,CCD School Membership,v.1a,ccd_SCH_052_1920_l_1a_082120.zip,https://nces.ed.gov/ccd/data/zip/ccd_SCH_052_1920_l_1a_082120.zip,2026-09-24,a786b0dcebc675247810050c4e66386372d4af17d87221c9587f97df92f216fe,School Membership long table archive,Available
2019-2020,CCD School Staff,v.1a,ccd_sch_059_1920_l_1a_082120.zip,https://nces.ed.gov/ccd/data/zip/ccd_sch_059_1920_l_1a_082120.zip,2026-09-24,e58eb1ef96788ea25802955fcaf70e314055552f0e9bf41bddb006a0597529d2,School Staff long table archive,Available
2019-2020,CCD School Characteristics,v.1a,ccd_sch_129_1920_w_1a_082120.zip,https://nces.ed.gov/ccd/data/zip/ccd_sch_129_1920_w_1a_082120.zip,2026-09-24,72c60235d81eb3d72d5ea264df8bdee8f326deb8a83970d22a282b5878fb8cfe,School Characteristics archive,Available
2019-2020,CCD School Lunch,v.1a,ccd_sch_033_1920_l_1a_082120.zip,https://nces.ed.gov/ccd/data/zip/ccd_sch_033_1920_l_1a_082120.zip,2026-09-24,d95a3e244b48035897007b9fd5354e6f187595a5444d0209fe80f8fcd7116cdf,School Lunch long table archive,Available
2019-2020,CCD LEA Directory,v.1a,ccd_lea_029_1920_w_1a_082120.zip,https://nces.ed.gov/ccd/data/zip/ccd_lea_029_1920_w_1a_082120.zip,2026-09-24,3efbcb5bb04962f5120b544e172010858d166eefbf26803121a3c1ce4d1ad420,LEA Directory archive,Available
2019-2020,CCD LEA Membership,v.1a,ccd_lea_052_1920_l_1a_082120.zip,https://nces.ed.gov/ccd/data/zip/ccd_lea_052_1920_l_1a_082120.zip,2026-09-24,9a772147249035d1bcfe736895740cde3279af63143628af5155703bd365786f,LEA Membership long table archive,Available
2019-2020,CCD LEA Staff,v.1a,ccd_lea_059_1920_l_1a_082120.zip,https://nces.ed.gov/ccd/data/zip/ccd_lea_059_1920_l_1a_082120.zip,2026-09-24,7665ea07505e766a99b0dd62cfa3c21d1828e6d54d2b436ec6ba67f53d5e1a81,LEA Staff long table archive,Available
2019-2020,NCES EDGE Public School Geocodes,Final,EDGE_GEOCODE_PUBLICSCH_1920.zip,https://nces.ed.gov/programs/edge/data/EDGE_GEOCODE_PUBLICSCH_1920.zip,2026-09-24,7f762acde016072bf9dbd16172e0e860c00945203d489343d0c7080e52774052,EDGE Public School Geocodes TXT,Available
2020-2021,CCD School Directory,v.1a,ccd_sch_029_2021_w_1a_080621.zip,https://nces.ed.gov/ccd/data/zip/ccd_sch_029_2021_w_1a_080621.zip,2026-09-24,970c02102d30d62cf29258401660bec52c39d48339e4093b5f5442d0b32eb285,School Directory archive,Available
2020-2021,CCD School Membership,v.1a,ccd_sch_052_2021_l_1a_080621.zip,https://nces.ed.gov/ccd/data/zip/ccd_sch_052_2021_l_1a_080621.zip,2026-09-24,0a1a3fe76b1afd98b28d861d9ac3c0b3707136060ca458454320aad6b05aae8b,School Membership long table archive,Available
2020-2021,CCD School Staff,v.1a,ccd_sch_059_2021_l_1a_080621.zip,https://nces.ed.gov/ccd/data/zip/ccd_sch_059_2021_l_1a_080621.zip,2026-09-24,3c9f3f7d71db9429b08d521651ab9dffbf7332d20ad5d5dc4814068d928b035e,School Staff long table archive,Available
2020-2021,CCD School Characteristics,v.1a,ccd_sch_129_2021_w_1a_080621.zip,https://nces.ed.gov/ccd/data/zip/ccd_sch_129_2021_w_1a_080621.zip,2026-09-24,c3be996828dde21244a36c98b708a953cb82dd82d4195b0ddfb307bef52d4adf,School Characteristics archive,Available
2020-2021,CCD School Lunch,v.1a,ccd_sch_033_2021_l_1a_080621.zip,https://nces.ed.gov/ccd/data/zip/ccd_sch_033_2021_l_1a_080621.zip,2026-09-24,57772bc39287e00bac87a041e56486c0aea1b29cd83b34de85d65aa9c6ef2e6e,School Lunch long table archive,Available
2020-2021,CCD LEA Directory,v.1a,ccd_lea_029_2021_w_1a_080621.zip,https://nces.ed.gov/ccd/data/zip/ccd_lea_029_2021_w_1a_080621.zip,2026-09-24,875e715a4bf842b0c325d8150cb8fe33cdb7a97e7036e515790b0c562a0afba6,LEA Directory archive,Available
2020-2021,CCD LEA Membership,v.1a,ccd_lea_052_2021_l_1a_080621.zip,https://nces.ed.gov/ccd/data/zip/ccd_lea_052_2021_l_1a_080621.zip,2026-09-24,cdd82ae183f691923345399bdea700194596b69c7c5b0dbfaab1e28d87c48a99,LEA Membership long table archive,Available
2020-2021,CCD LEA Staff,v.1a,ccd_lea_059_2021_l_1a_080621.zip,https://nces.ed.gov/ccd/data/zip/ccd_lea_059_2021_l_1a_080621.zip,2026-09-24,983e4564670fd7f82ac6322e0f5ec9cb24dc402e4286e1d71e53a5acc1907718,LEA Staff long table archive,Available
2020-2021,NCES EDGE Public School Geocodes,Final,EDGE_GEOCODE_PUBLICSCH_2021.zip,https://nces.ed.gov/programs/edge/data/EDGE_GEOCODE_PUBLICSCH_2021.zip,2026-09-24,d0825809697ee97469dca924e33b2392674702b4786c4a17555792ed538d1aff,EDGE Public School Geocodes TXT,Available
2021-2022,CCD School Directory,v.1a,ccd_sch_029_2122_w_1a_071722.zip,https://nces.ed.gov/ccd/data/zip/ccd_sch_029_2122_w_1a_071722.zip,2026-09-24,be4df92b7251b607313c07a3be8c64fca8372ec6751c95f6068b6cd232fc4169,School Directory archive,Available
2021-2022,CCD School Membership,v.1a,ccd_SCH_052_2122_l_1a_071722.zip,https://nces.ed.gov/ccd/data/zip/ccd_SCH_052_2122_l_1a_071722.zip,2026-09-24,2c10f2bc915608c9eb1a84a6cb7a7b833a42b4149eb98b4a85e4a09309d4fd7b,School Membership long table archive,Available
2021-2022,CCD School Staff,v.1a,ccd_sch_059_2122_l_1a_071722.zip,https://nces.ed.gov/ccd/data/zip/ccd_sch_059_2122_l_1a_071722.zip,2026-09-24,107e317f4cfe3ab25b6a45cc97301c91cd9f57373027819c8a5d34ded8afdbe9,School Staff long table archive,Available
2021-2022,CCD School Characteristics,v.1a,ccd_sch_129_2122_w_1a_071722.zip,https://nces.ed.gov/ccd/data/zip/ccd_sch_129_2122_w_1a_071722.zip,2026-09-24,04be384ae37bf5cd0e30f90d67a81a760d85fa52e5c96fc011ab3f022bcf35fe,School Characteristics archive,Available
2021-2022,CCD School Lunch,v.1a,ccd_sch_033_2122_l_1a_071722.zip,https://nces.ed.gov/ccd/data/zip/ccd_sch_033_2122_l_1a_071722.zip,2026-09-24,19bab1787a09d061f8ebd38ba7ebd772b9afea041e4b1d0e3c41c286a3391fed,School Lunch long table archive,Available
2021-2022,CCD LEA Directory,v.1a,ccd_lea_029_2122_w_1a_071722.zip,https://nces.ed.gov/ccd/data/zip/ccd_lea_029_2122_w_1a_071722.zip,2026-09-24,810559a0ee15705cd486f874ff0ba5d58f96e914f2e95b1fec60dd90fd39749a,LEA Directory archive,Available
2021-2022,CCD LEA Membership,v.1a,ccd_lea_052_2122_l_1a_071722.zip,https://nces.ed.gov/ccd/data/zip/ccd_lea_052_2122_l_1a_071722.zip,2026-09-24,f408939ad4b56538adbc3d732c89ff304ffacac5b2def73cf4f3ccff953ade85,LEA Membership long table archive,Available
2021-2022,CCD LEA Staff,v.1a,ccd_lea_059_2122_l_1a_071722.zip,https://nces.ed.gov/ccd/data/zip/ccd_lea_059_2122_l_1a_071722.zip,2026-09-24,c10d0cb1ec816152c54a88d4b20b53e7a2394d4064703978a6bc0df64743c67e,LEA Staff long table archive,Available
2021-2022,NCES EDGE Public School Geocodes,Final,EDGE_GEOCODE_PUBLICSCH_2122.zip,https://nces.ed.gov/programs/edge/data/EDGE_GEOCODE_PUBLICSCH_2122.zip,2026-09-24,685bcb1f39b689406883bd3a56d5265a7f200587bbd8b1bdb273cb33f88b7f0f,EDGE Public School Geocodes TXT,Available
2022-2023,CCD School Directory,v.1a,ccd_sch_029_2223_w_1a_083023.zip,https://nces.ed.gov/ccd/data/zip/ccd_sch_029_2223_w_1a_083023.zip,2026-09-24,db5fa3828c49f7d3b7c104bf43f6bfb2e986c152e10b7239fdf74908e249d08d,School Directory archive,Available
2022-2023,CCD School Membership,v.1a,ccd_sch_052_2223_l_1a_083023.zip,https://nces.ed.gov/ccd/data/zip/ccd_sch_052_2223_l_1a_083023.zip,2026-09-24,98f3556a9117c30c56bc5d3339b2b32fd27a1eb7def3b26e54def812ef7c493f,School Membership long table archive,Available
2022-2023,CCD School Staff,v.1a,ccd_sch_059_2223_l_1a_083023.zip,https://nces.ed.gov/ccd/data/zip/ccd_sch_059_2223_l_1a_083023.zip,2026-09-24,f529a85062633997b2e7ef40858c157ce13618364cde21a3e2b0988502cb20f5,School Staff long table archive,Available
2022-2023,CCD School Characteristics,v.1a,ccd_sch_129_2223_w_1a_083023.zip,https://nces.ed.gov/ccd/data/zip/ccd_sch_129_2223_w_1a_083023.zip,2026-09-24,ddab33e037cfb07b6c573739c5e41ff9c77b4414dfd7de23e8246772d08d69dd,School Characteristics archive,Available
2022-2023,CCD School Lunch,v.1a,ccd_sch_033_2223_l_1a_083023.zip,https://nces.ed.gov/ccd/data/zip/ccd_sch_033_2223_l_1a_083023.zip,2026-09-24,29942ff095f5de1afc33071a803406f531a4c303d8d90de8e5f235bc89db7ed7,School Lunch long table archive,Available
2022-2023,CCD LEA Directory,v.1a,ccd_lea_029_2223_w_1a_083023.zip,https://nces.ed.gov/ccd/data/zip/ccd_lea_029_2223_w_1a_083023.zip,2026-09-24,3f417db2c5f362504e6c1ce35d92ebae7b53373fb9a1dc2057eebb1941ff38fd,LEA Directory archive,Available
2022-2023,CCD LEA Membership,v.1a,ccd_lea_052_2223_l_1a_083023.zip,https://nces.ed.gov/ccd/data/zip/ccd_lea_052_2223_l_1a_083023.zip,2026-09-24,ec55e334a093a8f52fb8a1d32b1c38e5ba09b687fd5fdab1e609e0bc2300a6f8,LEA Membership long table archive,Available
2022-2023,CCD LEA Staff,v.1a,ccd_lea_059_2223_l_1a_083023.zip,https://nces.ed.gov/ccd/data/zip/ccd_lea_059_2223_l_1a_083023.zip,2026-09-24,07594d0b9a44b9625c755125f23667c5000aa6f25a26492da1a077bcd9dfe647,LEA Staff long table archive,Available
2022-2023,NCES EDGE Public School Geocodes,Final,EDGE_GEOCODE_PUBLICSCH_2223.zip,https://nces.ed.gov/programs/edge/data/EDGE_GEOCODE_PUBLICSCH_2223.zip,2026-09-24,eba99090e451069910f32627f5d7142e89774679076bb52dc559f98703c16ae7,EDGE Public School Geocodes TXT,Available
2023-2024,CCD School Directory,v.1a,ccd_sch_029_2324_w_1a_073124.zip,https://nces.ed.gov/ccd/data/zip/ccd_sch_029_2324_w_1a_073124.zip,2026-09-24,3910300771b1db27e0589d014451f95e3190ca71ab4dcabe06227224f58b4ecb,School Directory archive,Available
2023-2024,CCD School Membership,v.1a,ccd_sch_052_2324_l_1a_073124.zip,https://nces.ed.gov/ccd/data/zip/ccd_sch_052_2324_l_1a_073124.zip,2026-09-24,06bd50eede0c036e4c92b6464b69f192ff3b8f9f739b403c2b218a9f6ec3e239,School Membership long table archive,Available
2023-2024,CCD School Staff,v.1a,ccd_sch_059_2324_l_1a_073124.zip,https://nces.ed.gov/ccd/data/zip/ccd_sch_059_2324_l_1a_073124.zip,2026-09-24,182a8278a4b8af678c648ad3337c2f1b4a96f09ae4477541c9d094cc530b0ca8,School Staff long table archive,Available
2023-2024,CCD School Characteristics,v.1a,ccd_sch_129_2324_w_1a_073124.zip,https://nces.ed.gov/ccd/data/zip/ccd_sch_129_2324_w_1a_073124.zip,2026-09-24,d6b788db69e48e883d31af7173646d2cb66170b24cc7e64915516b5d87c50a11,School Characteristics archive,Available
2023-2024,CCD School Lunch,v.1a,ccd_sch_033_2324_l_1a_073124.zip,https://nces.ed.gov/ccd/data/zip/ccd_sch_033_2324_l_1a_073124.zip,2026-09-24,2b18c09006895bbe209f0b6918da6be202a504f4ca0737c90fb850572ad87c40,School Lunch long table archive,Available
2023-2024,CCD LEA Directory,v.1a,ccd_lea_029_2324_w_1a_073124.zip,https://nces.ed.gov/ccd/data/zip/ccd_lea_029_2324_w_1a_073124.zip,2026-09-24,f6b87458dbffc68bf94ac2633f8b4b6dcaa68171912aed77d828d18e5581d6e8,LEA Directory archive,Available
2023-2024,CCD LEA Membership,v.1a,ccd_lea_052_2324_l_1a_073124.zip,https://nces.ed.gov/ccd/data/zip/ccd_lea_052_2324_l_1a_073124.zip,2026-09-24,17295c0147bafb251d0d5382c252303f1757111c3ce03a1c018e0b4d195a79c5,LEA Membership long table archive,Available
2023-2024,CCD LEA Staff,v.1a,ccd_lea_059_2324_l_1a_073124.zip,https://nces.ed.gov/ccd/data/zip/ccd_lea_059_2324_l_1a_073124.zip,2026-09-24,cbba88c3b824744119792e1a37f11f27c88e0a757e36b519a4bbbb39842de48a,LEA Staff long table archive,Available
2023-2024,NCES EDGE Public School Geocodes,Final,EDGE_GEOCODE_PUBLICSCH_2324.zip,https://nces.ed.gov/programs/edge/data/EDGE_GEOCODE_PUBLICSCH_2324.zip,2026-09-24,7542cfed5345c73b57c70afa4fed54bfb911d7259a73fc3f5440301d6db96043,EDGE Public School Geocodes TXT,Available
2024-2025,CCD School Directory,v.2a,ccd_sch_029_2425_w_1a_073025.zip,https://nces.ed.gov/ccd/data/zip/ccd_sch_029_2425_w_1a_073025.zip,2026-09-24,39326da788aa322353d20ceaf8ad4baed26272502cd05b066cf6c594988b21ab,Baseline School Directory CSV,Available
2024-2025,CCD School Membership,v.2a,ccd_sch_052_2425_l_1a_073025.zip,https://nces.ed.gov/ccd/data/zip/ccd_sch_052_2425_l_1a_073025.zip,2026-09-24,4a7f660c5fc5eaae488dd02fd43498f349fc828b227edd0970d5b6995ead4d4d,Baseline School Membership long table CSV,Available
2024-2025,CCD School Staff,v.2a,ccd_sch_059_2425_l_1a_073025.zip,https://nces.ed.gov/ccd/data/zip/ccd_sch_059_2425_l_1a_073025.zip,2026-09-24,a52dce73acb312ec5ceaddc2d6f5cc952dc329d16948cba65044f48904f6f381,Baseline School Staff long table CSV with TEACHERS,Available
2024-2025,CCD School Characteristics,v.2a,ccd_sch_129_2425_w_1a_073025.zip,https://nces.ed.gov/ccd/data/zip/ccd_sch_129_2425_w_1a_073025.zip,2026-09-24,f5a980377adc2e569c90307596c9874cceccb53639f62badc963cf0dbdf7e381,Baseline School Characteristics CSV,Available
2024-2025,CCD School Lunch,v.2a,ccd_sch_033_2425_l_2a_073025.zip,https://nces.ed.gov/ccd/data/zip/ccd_sch_033_2425_l_2a_073025.zip,2026-09-24,97bda749e778ee74cb731d181bbcdaf0f9c6cd6edf94cb31518a5bbeab411dd6,Baseline School Lunch long table CSV,Available
2024-2025,CCD LEA Directory,v.1a,ccd_lea_029_2425_w_1a_073025.zip,https://nces.ed.gov/ccd/data/zip/ccd_lea_029_2425_w_1a_073025.zip,2026-09-24,2745169e4bc7cd53adff179830c3d4b9bb035ac79580ecea01ef389a161936a9,Baseline LEA Directory CSV,Available
2024-2025,CCD LEA Membership,v.1a,ccd_lea_052_2425_l_1a_073025.zip,https://nces.ed.gov/ccd/data/zip/ccd_lea_052_2425_l_1a_073025.zip,2026-09-24,501d72720a01c26e0e041cd3b1aa6653d0a94725ba0a1e85c42c4f183bc627ba,Baseline LEA Membership long table CSV,Available
2024-2025,CCD LEA Staff,v.1a,ccd_lea_059_2425_l_1a_073025.zip,https://nces.ed.gov/ccd/data/zip/ccd_lea_059_2425_l_1a_073025.zip,2026-09-24,9016f9c871643bdd8046be72c9f8e94e5edbac79194b2cad3bcf952a9d3b09f9,Baseline LEA Staff long table CSV,Available
2024-2025,NCES EDGE Public School Geocodes,Final,EDGE_GEOCODE_PUBLICSCH_2425.zip,https://nces.ed.gov/programs/edge/data/EDGE_GEOCODE_PUBLICSCH_2425.zip,2026-09-24,9dc51ecd5cdf6e38bdb679f7ac95e2bf73ee3fb48718b8612cf830800cffb288,Baseline EDGE Public School Geocodes TXT,Available
