district_id,district_name,state,statutory_law,records_custodian_contact,submission_status,target_years,submission_date,statutory_deadline,notes
USD512,Shawnee Mission Public Schools,KS,KORA (K.S.A. 45-215),openrecords@smsd.org,Drafted Ready to Submit,2014-15;2019-20;2024-25,,,Large Johnson Co Suburb; High baseline CRDC wedge (+10.5 to +11.5)
USD233,Olathe Public Schools,KS,KORA (K.S.A. 45-215),kora@olatheschools.org,Drafted Ready to Submit,2014-15;2019-20;2024-25,,,Largest Johnson Co Suburb; High growth
USD229,Blue Valley Schools,KS,KORA (K.S.A. 45-215),kora@bluevalleyk12.org,Drafted Ready to Submit,2014-15;2019-20;2024-25,,,High-wealth Johnson Co Suburb; High AP/honors enrollment
USD500,Kansas City Kansas Public Schools,KS,KORA (K.S.A. 45-215),kora@kckps.org,Drafted Ready to Submit,2014-15;2019-20;2024-25,,,Major Urban Core KS; High ELL/Title I concentration
USD458,Basehor-Linwood School District,KS,KORA (K.S.A. 45-215),records@usd458.org,Drafted Ready to Submit,2014-15;2019-20;2024-25,,,Peripheral Town/Growth Corridor (Leavenworth Co)
048-078,Kansas City Public Schools (KCPS),MO,Sunshine (RSMo 610),sunshinerequests@kcpublicschools.org,Drafted Ready to Submit,2014-15;2019-20;2024-25,,,Historic Urban Core MO; Lincoln Prep benchmark
024-093,North Kansas City Schools (NKC 74),MO,Sunshine (RSMo 610),sunshine@nkcschools.org,Drafted Ready to Submit,2014-15;2019-20;2024-25,,,Largest Northland Suburb; High diversity
048-074,Lee's Summit R-VII School District,MO,Sunshine (RSMo 610),sunshinerequests@lsr7.net,Drafted Ready to Submit,2014-15;2019-20;2024-25,,,Eastern Jackson Co Suburb
089-087,Richmond R-XVI School District,MO,Sunshine (RSMo 610),superintendent@richmond.k12.mo.us,Drafted Ready to Submit,2014-15;2019-20;2024-25,,,Rural / Peripheral Town (Ray Co)
